1759749133.222,131213.222,619508.4048670315,5806178.0759210065,40.48,-3.5,0.3,-0.95,0.09,1.0,-0.0,1,2025-10-06 11:12:13.221999884+00:00
1759749133.426,131213.426,619508.3814946641,5806178.214318017,40.46,-3.51,0.16,-0.97,0.05,1.0,-0.02,1,2025-10-06 11:12:13.426000118+00:00
1759749133.641,131213.641,619508.3608019287,5806178.012363405,40.47,-3.54,0.36,-0.96,0.1,0.99,0.0,1,2025-10-06 11:12:13.641000032+00:00
1759749133.845,131213.845,619508.4151903802,5806178.177377542,40.46,-3.48,0.2,-0.97,0.06,1.0,-0.01,1,2025-10-06 11:12:13.845000029+00:00
1759749134.049,131214.049,619508.346055679,5806178.061174757,40.46,-3.55,0.31,-0.97,0.09,1.0,-0.01,1,2025-10-06 11:12:14.049000025+00:00
1759749134.252,131214.252,619508.4550295875,5806178.17719939,40.49,-3.44,0.21,-0.94,0.06,1.0,-0.01,1,2025-10-06 11:12:14.252000092+00:00
1759749134.457,131214.457,619508.4497350032,5806178.127421292,40.5,-3.44,0.26,-0.93,0.08,1.0,-0.01,1,2025-10-06 11:12:14.457000017+00:00
1759749134.658,131214.658,619508.368752668,5806178.240301145,40.45,-3.51,0.14,-0.98,0.04,1.0,-0.02,1,2025-10-06 11:12:14.657999992+00:00
1759749134.86,131214.86,619508.3961925724,5806178.162538354,40.48,-3.49,0.22,-0.95,0.06,1.0,-0.01,1,2025-10-06 11:12:14.859999895+00:00
1759749135.077,131215.077,619508.3601788067,5806178.11801046,40.46,-3.54,0.26,-0.97,0.08,1.0,-0.01,1,2025-10-06 11:12:15.076999903+00:00
1759749135.278,131215.278,619508.3938099982,5806178.081011231,40.46,-3.51,0.3,-0.97,0.09,1.0,-0.0,1,2025-10-06 11:12:15.278000116+00:00
1759749135.481,131215.481,619508.3933655411,5806178.195368551,40.46,-3.5,0.18,-0.97,0.05,1.0,-0.01,1,2025-10-06 11:12:15.480999947+00:00
1759749135.681,131215.681,619508.4447289174,5806178.078796379,40.48,-3.47,0.3,-0.95,0.09,1.0,-0.01,1,2025-10-06 11:12:15.680999994+00:00
1759749135.883,131215.883,619508.333673643,5806178.2786659,40.47,-3.55,0.1,-0.96,0.03,1.0,-0.02,1,2025-10-06 11:12:15.882999897+00:00
1759749136.102,131216.102,619508.2372757932,5806178.162516238,40.540000000000006,-3.49,0.17,-0.91,0.05,1.0,-0.02,1,2025-10-06 11:12:16.101999998+00:00
1759749136.304,131216.304,619508.068363351,5806178.160372457,40.55,-3.56,0.17,-0.89,0.05,1.0,-0.03,1,2025-10-06 11:12:16.303999901+00:00
1759749136.507,131216.507,619508.1270507512,5806177.8922702465,40.540000000000006,-3.44,0.43,-0.91,0.13,0.99,-0.01,1,2025-10-06 11:12:16.506999969+00:00
1759749136.709,131216.709,619507.9267312521,5806178.075232942,40.5,-3.44,0.26,-0.94,0.08,1.0,-0.01,1,2025-10-06 11:12:16.709000111+00:00
1759749136.912,131216.912,619507.9166814171,5806178.409946578,40.51,-3.44,-0.05,-0.95,-0.01,1.0,-0.04,1,2025-10-06 11:12:16.911999941+00:00
1759749137.115,131217.115,619507.9335918874,5806178.055223298,40.480000000000004,-3.41,0.32,-0.97,0.1,1.0,-0.01,1,2025-10-06 11:12:17.115000010+00:00
1759749137.332,131217.332,619507.8505983577,5806178.054492711,40.46,-3.39,0.24,-0.99,0.08,1.0,-0.02,1,2025-10-06 11:12:17.332000017+00:00
1759749137.534,131217.534,619507.7503107047,5806178.079400532,40.47,-3.39,0.19,-1.01,0.06,1.0,-0.02,1,2025-10-06 11:12:17.533999919+00:00
1759749137.738,131217.738,619507.6745247518,5806177.983095192,40.51,-3.37,0.26,-0.96,0.08,1.0,-0.01,1,2025-10-06 11:12:17.737999916+00:00
1759749137.939,131217.939,619507.6007451181,5806177.895284249,40.56,-3.37,0.32,-0.89,0.1,0.99,-0.01,1,2025-10-06 11:12:17.938999891+00:00
1759749138.141,131218.141,619507.4739417449,5806177.7610631585,40.51,-3.38,0.4,-0.95,0.12,0.99,-0.01,1,2025-10-06 11:12:18.141000032+00:00
1759749138.343,131218.343,619507.3025292248,5806178.132268944,40.49,-3.38,0.08,-0.98,0.03,1.0,-0.02,1,2025-10-06 11:12:18.342999935+00:00
1759749138.548,131218.548,619507.1735490724,5806177.975151169,40.5,-3.31,0.21,-0.95,0.06,1.0,-0.0,1,2025-10-06 11:12:18.548000097+00:00
1759749138.768,131218.768,619507.0399423321,5806178.236714246,40.51,-3.31,-0.06,-0.93,-0.01,1.0,-0.03,1,2025-10-06 11:12:18.767999887+00:00
1759749138.768,131218.768,619507.0936474527,5806178.007968356,40.489999999999995,-3.28,0.15,-0.95,0.05,1.0,-0.02,1,2025-10-06 11:12:18.767999887+00:00
1759749138.97,131218.97,619506.9610973753,5806178.115909509,40.46,-3.35,0.12,-0.99,0.04,1.0,-0.01,1,2025-10-06 11:12:18.970000029+00:00
1759749139.172,131219.172,619506.7820719559,5806178.068064962,40.46,-3.31,0.18,-0.98,0.04,1.0,0.04,1,2025-10-06 11:12:19.171999931+00:00
1759749139.373,131219.373,619506.6559131548,5806178.116186273,40.51,-3.29,0.02,-0.95,0.01,1.0,-0.02,1,2025-10-06 11:12:19.372999907+00:00
1759749139.574,131219.574,619506.550833527,5806178.038740117,40.519999999999996,-3.28,0.04,-0.95,0.01,1.0,0.02,1,2025-10-06 11:12:19.573999882+00:00
1759749139.78,131219.78,619506.4761682862,5806178.135224419,40.41,-3.27,-0.0,-1.0,0.01,1.0,-0.03,1,2025-10-06 11:12:19.779999971+00:00
1759749139.997,131219.997,619506.3457715659,5806178.242600821,40.45,-3.24,-0.04,-1.0,-0.0,1.0,-0.03,1,2025-10-06 11:12:19.996999979+00:00
1759749140.201,131220.201,619506.321993532,5806177.91157879,40.49,-3.18,0.19,-0.98,0.06,1.0,-0.0,1,2025-10-06 11:12:20.200999975+00:00
1759749140.402,131220.402,619506.183813071,5806177.838641515,40.53,-3.2,0.19,-0.96,0.06,1.0,-0.01,1,2025-10-06 11:12:20.401999950+00:00
1759749140.606,131220.606,619506.1319491517,5806177.832519874,40.559999999999995,-3.17,0.19,-0.92,0.06,1.0,-0.01,1,2025-10-06 11:12:20.605999947+00:00
1759749140.808,131220.808,619506.0122541967,5806177.64215288,40.470000000000006,-3.12,0.32,-0.98,0.1,0.99,-0.0,1,2025-10-06 11:12:20.808000088+00:00
1759749141.009,131221.009,619505.8531319681,5806177.867391335,40.46,-3.17,0.12,-1.01,0.04,1.0,-0.02,1,2025-10-06 11:12:21.009000063+00:00
1759749141.226,131221.226,619505.790213301,5806177.848001638,40.480000000000004,-3.13,0.21,-1.01,0.07,1.0,-0.01,1,2025-10-06 11:12:21.226000071+00:00
1759749141.428,131221.428,619505.7679261428,5806177.733311247,40.42,-3.11,0.22,-1.04,0.07,1.0,-0.0,1,2025-10-06 11:12:21.427999973+00:00
1759749141.63,131221.63,619505.6209809877,5806177.943200433,40.46,-3.1,0.07,-1.0,0.03,1.0,-0.01,1,2025-10-06 11:12:21.630000114+00:00
1759749141.834,131221.834,619505.4900685681,5806177.912195938,40.5,-3.11,0.06,-0.98,0.02,1.0,-0.02,1,2025-10-06 11:12:21.834000111+00:00
1759749142.038,131222.038,619505.4994968368,5806177.725246948,40.51,-3.05,0.16,-0.97,0.05,1.0,-0.01,1,2025-10-06 11:12:22.038000107+00:00
1759749142.241,131222.241,619505.3843002534,5806177.713186706,40.46,-3.07,0.2,-1.0,0.07,1.0,-0.0,1,2025-10-06 11:12:22.240999937+00:00
1759749142.458,131222.458,619505.3726209213,5806177.713027236,40.47,-3.04,0.23,-0.99,0.08,1.0,0.0,1,2025-10-06 11:12:22.457999945+00:00
1759749142.659,131222.659,619505.2129210447,5806177.76116276,40.48,-3.11,0.16,-1.0,0.05,1.0,-0.0,1,2025-10-06 11:12:22.658999920+00:00
1759749142.862,131222.862,619505.3470232104,5806177.627479958,40.5,-3.05,0.28,-0.99,0.09,1.0,0.0,1,2025-10-06 11:12:22.861999989+00:00
1759749143.064,131223.064,619505.3056334762,5806177.846691423,40.449999999999996,-3.09,0.07,-1.02,0.03,1.0,-0.02,1,2025-10-06 11:12:23.063999891+00:00
1759749143.267,131223.267,619505.3266549794,5806177.837829907,40.48,-3.08,0.08,-0.99,0.03,1.0,-0.02,1,2025-10-06 11:12:23.266999959+00:00
1759749143.471,131223.471,619505.2815565411,5806177.758201063,40.5,-3.06,0.2,-0.97,0.05,1.0,0.04,1,2025-10-06 11:12:23.470999956+00:00
1759749143.675,131223.675,619505.1414106507,5806177.996030283,40.5,-3.08,0.07,-0.96,-0.0,1.0,0.08,1,2025-10-06 11:12:23.674999952+00:00
1759749143.892,131223.892,619505.106245445,5806178.600495834,40.449999999999996,-3.11,-0.24,-1.03,-0.09,0.99,0.05,1,2025-10-06 11:12:23.891999960+00:00
1759749144.096,131224.096,619505.2383855685,5806178.700825724,40.49,-3.03,-0.12,-1.01,-0.05,1.0,0.05,1,2025-10-06 11:12:24.095999956+00:00
1759749144.301,131224.301,619505.0899548384,5806178.769924809,40.47,-3.06,-0.24,-1.0,-0.09,0.99,0.03,1,2025-10-06 11:12:24.301000118+00:00
1759749144.503,131224.503,619504.936811263,5806178.674943059,40.43,-3.11,-0.17,-1.04,-0.07,1.0,0.05,1,2025-10-06 11:12:24.503000020+00:00
1759749144.704,131224.704,619504.9236514316,5806178.725009687,40.43,-3.08,-0.21,-1.05,-0.08,1.0,0.03,1,2025-10-06 11:12:24.703999996+00:00
1759749144.907,131224.907,619504.8161908162,5806178.790006844,40.44,-3.02,-0.27,-1.03,-0.1,0.99,0.02,1,2025-10-06 11:12:24.907000065+00:00
1759749145.109,131225.109,619504.7078760808,5806178.828780574,40.41,-3.07,-0.28,-1.06,-0.1,0.99,0.02,1,2025-10-06 11:12:25.108999968+00:00
1759749145.328,131225.328,619504.6206169147,5806178.839252513,40.38999999999999,-3.06,-0.27,-1.09,-0.09,0.99,0.02,1,2025-10-06 11:12:25.328000069+00:00
1759749145.531,131225.531,619504.425439717,5806178.662750411,40.410000000000004,-3.1,-0.19,-1.08,-0.07,1.0,0.02,1,2025-10-06 11:12:25.530999899+00:00
1759749145.735,131225.735,619504.4077706203,5806178.500965536,40.47,-3.13,-0.12,-1.04,-0.05,1.0,0.04,1,2025-10-06 11:12:25.734999895+00:00
1759749145.936,131225.936,619504.1808645618,5806178.343837347,40.46,-3.14,-0.04,-1.01,-0.0,1.0,-0.03,1,2025-10-06 11:12:25.936000109+00:00
1759749146.137,131226.137,619504.1098093253,5806178.329248428,40.489999999999995,-3.08,-0.06,-0.99,-0.01,1.0,-0.04,1,2025-10-06 11:12:26.137000084+00:00
1759749146.341,131226.341,619503.9955133063,5806178.511607075,40.51,-3.09,-0.14,-0.99,-0.06,1.0,0.04,1,2025-10-06 11:12:26.341000080+00:00
1759749146.543,131226.543,619503.7757597823,5806178.51426121,40.47,-3.12,-0.1,-1.0,-0.04,1.0,0.03,1,2025-10-06 11:12:26.542999983+00:00
1759749146.761,131226.761,619503.5716953366,5806178.414266323,40.43,-3.11,-0.07,-1.05,-0.04,1.0,0.05,1,2025-10-06 11:12:26.760999918+00:00
1759749146.963,131226.963,619503.5440867519,5806178.776174362,40.47,-3.07,-0.33,-1.02,-0.12,0.99,0.04,1,2025-10-06 11:12:26.963000059+00:00
1759749146.963,131226.963,619503.4838324186,5806178.425637259,40.52,-3.11,-0.02,-0.97,-0.03,1.0,0.06,1,2025-10-06 11:12:26.963000059+00:00
1759749147.166,131227.166,619503.4743354594,5806178.462218004,40.519999999999996,-3.11,-0.1,-0.95,-0.04,1.0,0.03,1,2025-10-06 11:12:27.165999889+00:00
1759749147.369,131227.369,619503.3123839276,5806178.413764712,40.480000000000004,-3.13,-0.02,-0.97,-0.02,1.0,0.05,1,2025-10-06 11:12:27.368999958+00:00
1759749147.57,131227.57,619503.243451335,5806178.449747852,40.489999999999995,-3.12,-0.03,-0.99,-0.02,1.0,0.04,1,2025-10-06 11:12:27.569999933+00:00
1759749147.788,131227.788,619503.1257693453,5806178.510471383,40.46,-3.14,-0.09,-1.01,-0.03,1.0,0.02,1,2025-10-06 11:12:27.788000107+00:00
1759749147.992,131227.992,619503.0391990553,5806178.617013528,40.489999999999995,-3.07,-0.21,-0.99,-0.07,1.0,0.02,1,2025-10-06 11:12:27.992000103+00:00
1759749148.196,131228.196,619502.8691163642,5806178.536838911,40.510000000000005,-3.12,-0.12,-0.98,-0.05,1.0,0.03,1,2025-10-06 11:12:28.196000099+00:00
1759749148.399,131228.399,619502.7986115157,5806178.544660176,40.519999999999996,-3.09,-0.13,-0.96,-0.05,1.0,0.02,1,2025-10-06 11:12:28.398999929+00:00
1759749148.601,131228.601,619502.6183791504,5806178.721871438,40.5,-3.1,-0.27,-0.98,-0.09,0.99,0.02,1,2025-10-06 11:12:28.601000071+00:00
1759749148.801,131228.801,619502.5138122309,5806178.625382525,40.5,-3.13,-0.14,-0.99,-0.05,1.0,0.02,1,2025-10-06 11:12:28.801000118+00:00
1759749149.004,131229.004,619502.3814836476,5806178.72761637,40.49,-3.14,-0.22,-1.0,-0.08,1.0,0.02,1,2025-10-06 11:12:29.003999949+00:00
1759749149.208,131229.208,619502.2303183302,5806178.754595843,40.47,-3.12,-0.25,-1.02,-0.09,1.0,0.03,1,2025-10-06 11:12:29.207999945+00:00
1759749149.426,131229.426,619502.0517036088,5806178.829350941,40.49,-3.12,-0.27,-1.01,-0.1,0.99,0.04,1,2025-10-06 11:12:29.426000118+00:00
1759749149.627,131229.627,619501.910956666,5806178.695471265,40.5,-3.16,-0.18,-1.0,-0.07,1.0,0.04,1,2025-10-06 11:12:29.627000093+00:00
1759749149.832,131229.832,619501.7129709469,5806178.717801854,40.52,-3.13,-0.22,-0.98,-0.09,0.99,0.05,1,2025-10-06 11:12:29.832000017+00:00
1759749150.034,131230.034,619501.5988099179,5806178.668645576,40.53,-3.14,-0.16,-0.97,-0.06,1.0,0.03,1,2025-10-06 11:12:30.033999920+00:00
1759749150.237,131230.237,619501.5263556646,5806178.925313454,40.48,-3.14,-0.34,-1.0,-0.11,0.99,0.02,1,2025-10-06 11:12:30.236999989+00:00
1759749150.441,131230.441,619501.3580019504,5806178.979344333,40.5,-3.14,-0.35,-0.99,-0.12,0.99,0.03,1,2025-10-06 11:12:30.440999985+00:00
1759749150.656,131230.656,619501.2490169521,5806178.784098923,40.53,-3.18,-0.15,-0.97,-0.05,1.0,0.03,1,2025-10-06 11:12:30.655999899+00:00
1759749150.858,131230.858,619501.1190430343,5806178.914232504,40.510000000000005,-3.16,-0.31,-0.98,-0.1,0.99,0.02,1,2025-10-06 11:12:30.858000040+00:00
1759749151.063,131231.063,619500.9324763737,5806178.915383906,40.449999999999996,-3.21,-0.3,-1.03,-0.1,0.99,0.03,1,2025-10-06 11:12:31.062999964+00:00
1759749151.264,131231.264,619500.8818968761,5806178.904162876,40.47,-3.18,-0.27,-1.02,-0.09,1.0,0.02,1,2025-10-06 11:12:31.263999939+00:00
1759749151.467,131231.467,619500.7510614751,5806179.033040048,40.53,-3.18,-0.38,-0.97,-0.12,0.99,0.02,1,2025-10-06 11:12:31.467000008+00:00
1759749151.672,131231.672,619500.6524221506,5806179.033014167,40.54,-3.17,-0.37,-0.96,-0.12,0.99,0.01,1,2025-10-06 11:12:31.671999931+00:00
1759749151.875,131231.875,619500.4618479717,5806178.988476132,40.5,-3.21,-0.34,-1.0,-0.11,0.99,0.02,1,2025-10-06 11:12:31.875000+00:00
1759749152.08,131232.08,619500.3825169274,5806179.191529134,40.46,-3.17,-0.5,-1.06,-0.16,0.99,0.01,1,2025-10-06 11:12:32.079999924+00:00
1759749152.297,131232.297,619500.2945795273,5806179.137356081,40.46,-3.18,-0.43,-1.06,-0.14,0.99,0.0,1,2025-10-06 11:12:32.296999931+00:00
1759749152.502,131232.502,619499.953568281,5806179.10528311,40.449999999999996,-3.25,-0.39,-1.06,-0.13,0.99,0.02,1,2025-10-06 11:12:32.502000093+00:00
1759749152.705,131232.705,619499.8148913275,5806179.058583796,40.5,-3.2,-0.35,-1.01,-0.11,0.99,0.02,1,2025-10-06 11:12:32.704999924+00:00
1759749152.906,131232.906,619499.6464993776,5806179.078062527,40.46,-3.23,-0.33,-1.04,-0.11,0.99,0.03,1,2025-10-06 11:12:32.905999899+00:00
1759749153.108,131233.108,619499.4390301482,5806179.1952723,40.45,-3.24,-0.42,-1.07,-0.14,0.99,0.02,1,2025-10-06 11:12:33.108000040+00:00
1759749153.309,131233.309,619499.2297751015,5806179.039220164,40.440000000000005,-3.3,-0.35,-1.08,-0.12,0.99,0.04,1,2025-10-06 11:12:33.309000015+00:00
1759749153.527,131233.527,619499.125940714,5806178.999998361,40.5,-3.29,-0.28,-1.02,-0.1,0.99,0.05,1,2025-10-06 11:12:33.526999950+00:00
1759749153.729,131233.729,619499.0377809756,5806179.126360149,40.45,-3.3,-0.38,-1.04,-0.13,0.99,0.04,1,2025-10-06 11:12:33.729000092+00:00
1759749153.932,131233.932,619498.880101935,5806179.291251823,40.43,-3.27,-0.47,-1.09,-0.15,0.99,0.02,1,2025-10-06 11:12:33.931999922+00:00
1759749154.136,131234.136,619498.7334837541,5806179.217984385,40.43,-3.36,-0.37,-1.08,-0.13,0.99,0.06,1,2025-10-06 11:12:34.135999918+00:00
1759749154.338,131234.338,619498.5714608174,5806179.253254419,40.46,-3.32,-0.44,-1.03,-0.14,0.99,0.03,1,2025-10-06 11:12:34.338000059+00:00
1759749154.539,131234.539,619498.3695035791,5806179.123268848,40.49,-3.33,-0.32,-0.98,-0.11,0.99,0.05,1,2025-10-06 11:12:34.539000034+00:00
1759749154.757,131234.757,619498.255997199,5806179.2649459485,40.449999999999996,-3.35,-0.41,-1.02,-0.14,0.99,0.05,1,2025-10-06 11:12:34.756999969+00:00
1759749154.958,131234.958,619498.1524713804,5806179.273203226,40.46,-3.32,-0.45,-1.03,-0.15,0.99,0.04,1,2025-10-06 11:12:34.957999945+00:00
1759749155.161,131235.161,619498.0444860772,5806179.2707012985,40.519999999999996,-3.27,-0.42,-0.96,-0.14,0.99,0.04,1,2025-10-06 11:12:35.161000013+00:00
1759749155.161,131235.161,619497.9473213193,5806179.172096371,40.5,-3.35,-0.37,-0.98,-0.12,0.99,0.04,1,2025-10-06 11:12:35.161000013+00:00
1759749155.363,131235.363,619497.9126761521,5806179.307245477,40.48,-3.36,-0.45,-0.99,-0.14,0.99,0.02,1,2025-10-06 11:12:35.362999916+00:00
1759749155.566,131235.566,619497.8283799115,5806179.278183523,40.53,-3.35,-0.39,-0.96,-0.12,0.99,0.03,1,2025-10-06 11:12:35.565999985+00:00
1759749155.783,131235.783,619497.6535405878,5806179.205325422,40.53,-3.37,-0.41,-0.97,-0.13,0.99,0.03,1,2025-10-06 11:12:35.782999992+00:00
1759749155.986,131235.986,619497.4861749174,5806179.239655071,40.489999999999995,-3.38,-0.44,-0.99,-0.13,0.99,0.01,1,2025-10-06 11:12:35.986000061+00:00
1759749156.19,131236.19,619497.3170042383,5806179.109499866,40.44,-3.47,-0.24,-1.04,-0.08,1.0,0.03,1,2025-10-06 11:12:36.190000057+00:00
1759749156.391,131236.391,619497.1501756784,5806179.243972691,40.47,-3.46,-0.37,-1.03,-0.12,0.99,0.04,1,2025-10-06 11:12:36.391000032+00:00
1759749156.593,131236.593,619496.9804188283,5806179.168727876,40.53,-3.44,-0.38,-0.98,-0.12,0.99,0.03,1,2025-10-06 11:12:36.592999935+00:00
1759749156.794,131236.794,619496.8028354972,5806179.281544182,40.52,-3.5,-0.41,-0.97,-0.12,0.99,0.03,1,2025-10-06 11:12:36.793999910+00:00
1759749157.012,131237.012,619496.645917565,5806179.24594987,40.45,-3.52,-0.31,-1.01,-0.1,0.99,0.04,1,2025-10-06 11:12:37.012000084+00:00
1759749157.214,131237.214,619496.5227602386,5806179.203861877,40.5,-3.52,-0.3,-1.0,-0.1,0.99,0.04,1,2025-10-06 11:12:37.213999987+00:00
1759749157.417,131237.417,619496.415236969,5806179.147323932,40.51,-3.47,-0.3,-0.99,-0.1,0.99,0.04,1,2025-10-06 11:12:37.417000055+00:00
1759749157.621,131237.621,619496.2644994023,5806179.138960121,40.52,-3.49,-0.29,-0.98,-0.09,1.0,0.03,1,2025-10-06 11:12:37.621000051+00:00
1759749157.824,131237.824,619496.0621872728,5806179.257998768,40.5,-3.53,-0.37,-0.98,-0.12,0.99,0.04,1,2025-10-06 11:12:37.823999882+00:00
1759749158.027,131238.027,619495.8077290597,5806179.200188094,40.5,-3.6,-0.3,-0.97,-0.1,0.99,0.06,1,2025-10-06 11:12:38.026999950+00:00
1759749158.232,131238.232,619495.6770171777,5806178.982976335,40.53,-3.52,-0.14,-0.96,-0.06,1.0,0.06,1,2025-10-06 11:12:38.232000113+00:00
1759749158.436,131238.436,619495.4645957242,5806179.243476814,40.449999999999996,-3.61,-0.34,-1.03,-0.11,0.99,0.05,1,2025-10-06 11:12:38.436000109+00:00
1759749158.653,131238.653,619495.3823579442,5806179.345650298,40.51,-3.57,-0.43,-0.99,-0.13,0.99,0.04,1,2025-10-06 11:12:38.653000116+00:00
1759749158.854,131238.854,619495.271730218,5806179.2270143125,40.55,-3.58,-0.31,-0.93,-0.09,0.99,0.03,1,2025-10-06 11:12:38.854000092+00:00
1759749159.057,131239.057,619495.09262465,5806179.100510761,40.48,-3.62,-0.26,-0.99,-0.08,1.0,0.03,1,2025-10-06 11:12:39.056999922+00:00
1759749159.258,131239.258,619494.9236993828,5806179.163731183,40.410000000000004,-3.63,-0.25,-1.04,-0.08,1.0,0.03,1,2025-10-06 11:12:39.257999896+00:00
1759749159.461,131239.461,619494.766159515,5806179.188333876,40.47,-3.66,-0.26,-1.0,-0.08,1.0,0.04,1,2025-10-06 11:12:39.460999966+00:00
1759749159.663,131239.663,619494.6632202787,5806179.195512553,40.489999999999995,-3.65,-0.28,-0.99,-0.08,1.0,0.02,1,2025-10-06 11:12:39.663000107+00:00
1759749159.882,131239.882,619494.4439963327,5806179.133360306,40.45,-3.68,-0.24,-1.01,-0.07,1.0,0.04,1,2025-10-06 11:12:39.881999969+00:00
1759749160.083,131240.083,619494.3612931779,5806179.191206043,40.44,-3.59,-0.33,-1.02,-0.1,0.99,0.04,1,2025-10-06 11:12:40.082999945+00:00
1759749160.284,131240.284,619494.2468793957,5806179.22976971,40.48,-3.61,-0.33,-1.0,-0.1,0.99,0.03,1,2025-10-06 11:12:40.283999920+00:00
1759749160.486,131240.486,619494.1061347683,5806179.179130547,40.480000000000004,-3.56,-0.29,-0.98,-0.09,0.99,0.04,1,2025-10-06 11:12:40.486000061+00:00
1759749160.69,131240.69,619493.8570585388,5806179.127991256,40.47,-3.65,-0.26,-0.99,-0.08,1.0,0.05,1,2025-10-06 11:12:40.690000057+00:00
1759749160.895,131240.895,619493.7285301569,5806179.123389869,40.41,-3.65,-0.23,-1.07,-0.08,1.0,0.05,1,2025-10-06 11:12:40.894999981+00:00
1759749161.099,131241.099,619493.4902289542,5806179.254513346,40.41,-3.71,-0.29,-1.06,-0.09,0.99,0.05,1,2025-10-06 11:12:41.098999977+00:00
1759749161.304,131241.304,619493.1486683366,5806179.121019577,40.41,-3.79,-0.19,-1.06,-0.06,1.0,0.05,1,2025-10-06 11:12:41.303999901+00:00
1759749161.509,131241.509,619493.0598488982,5806178.989089532,40.42,-3.74,-0.1,-1.04,-0.04,1.0,0.05,1,2025-10-06 11:12:41.509000063+00:00
1759749161.713,131241.713,619492.9241986295,5806179.034724568,40.449999999999996,-3.79,-0.16,-1.03,-0.06,1.0,0.05,1,2025-10-06 11:12:41.713000059+00:00
1759749161.929,131241.929,619492.8661173594,5806179.099480625,40.49,-3.68,-0.24,-0.98,-0.07,1.0,0.02,1,2025-10-06 11:12:41.928999901+00:00
1759749162.131,131242.131,619492.6719918794,5806179.05454514,40.47,-3.77,-0.24,-1.01,-0.07,1.0,0.04,1,2025-10-06 11:12:42.131000042+00:00
1759749162.334,131242.334,619492.6239768096,5806178.842254603,40.519999999999996,-3.72,-0.01,-0.96,-0.02,1.0,0.05,1,2025-10-06 11:12:42.334000111+00:00
1759749162.536,131242.536,619492.3708811455,5806179.147418776,40.529999999999994,-3.78,-0.3,-0.95,-0.09,1.0,0.03,1,2025-10-06 11:12:42.536000013+00:00
1759749162.753,131242.753,619492.3335620565,5806179.035485037,40.57,-3.73,-0.2,-0.91,-0.07,1.0,0.05,1,2025-10-06 11:12:42.753000021+00:00
1759749162.954,131242.954,619492.2745193416,5806178.895751117,40.559999999999995,-3.72,-0.03,-0.92,-0.02,1.0,0.04,1,2025-10-06 11:12:42.953999996+00:00
1759749163.156,131243.156,619492.0998492877,5806179.18061548,40.480000000000004,-3.78,-0.25,-1.01,-0.07,1.0,0.01,1,2025-10-06 11:12:43.155999899+00:00
1759749163.359,131243.359,619492.0686696141,5806179.222281915,40.489999999999995,-3.71,-0.34,-1.02,-0.1,1.0,0.02,1,2025-10-06 11:12:43.358999968+00:00
1759749163.359,131243.359,619492.0906915242,5806179.264541683,40.58,-3.69,-0.39,-0.93,-0.11,0.99,0.01,1,2025-10-06 11:12:43.358999968+00:00
1759749163.56,131243.56,619491.886701366,5806179.073376669,40.62,-3.76,-0.25,-0.89,-0.07,1.0,0.01,1,2025-10-06 11:12:43.559999943+00:00
1759749163.764,131243.764,619491.7397678461,5806178.99043101,40.53,-3.76,-0.13,-0.93,-0.04,1.0,0.03,1,2025-10-06 11:12:43.763999939+00:00
1759749163.981,131243.981,619491.5652518789,5806179.223119203,40.53,-3.78,-0.23,-0.96,-0.07,1.0,0.03,1,2025-10-06 11:12:43.980999947+00:00
1759749164.183,131244.183,619491.4518323104,5806179.314950148,40.53,-3.76,-0.34,-0.98,-0.1,1.0,0.02,1,2025-10-06 11:12:44.183000088+00:00
1759749164.386,131244.386,619491.3246985824,5806179.218391115,40.58,-3.75,-0.29,-0.93,-0.08,1.0,0.02,1,2025-10-06 11:12:44.385999918+00:00
1759749164.588,131244.588,619491.2241693629,5806179.053642993,40.58,-3.77,-0.16,-0.92,-0.05,1.0,0.02,1,2025-10-06 11:12:44.588000059+00:00
1759749164.79,131244.79,619491.0325286912,5806179.1968745785,40.54,-3.78,-0.24,-0.94,-0.07,1.0,0.03,1,2025-10-06 11:12:44.789999962+00:00
1759749164.994,131244.994,619490.9596675327,5806179.268828784,40.57,-3.77,-0.28,-0.93,-0.08,1.0,0.02,1,2025-10-06 11:12:44.993999958+00:00
1759749165.211,131245.211,619490.8003728404,5806179.016122789,40.58,-3.75,-0.1,-0.93,-0.04,1.0,0.04,1,2025-10-06 11:12:45.210999966+00:00
1759749165.412,131245.412,619490.6288849895,5806178.98930406,40.58,-3.81,-0.07,-0.92,-0.03,1.0,0.03,1,2025-10-06 11:12:45.411999941+00:00
1759749165.613,131245.613,619490.5531565965,5806179.226854846,40.55,-3.78,-0.25,-0.95,-0.07,1.0,0.03,1,2025-10-06 11:12:45.612999916+00:00
1759749165.818,131245.818,619490.4310020726,5806179.447314119,40.53,-3.76,-0.39,-0.97,-0.11,0.99,0.02,1,2025-10-06 11:12:45.818000078+00:00
1759749166.025,131246.025,619490.3501875338,5806179.694939903,40.54,-3.84,-0.55,-0.97,-0.14,0.99,0.01,1,2025-10-06 11:12:46.025000095+00:00
1759749166.23,131246.23,619490.2991055599,5806179.742670516,40.56,-3.71,-0.49,-0.94,-0.14,0.99,0.03,1,2025-10-06 11:12:46.230000019+00:00
1759749166.434,131246.434,619490.2546604837,5806180.098741298,40.54,-3.71,-0.78,-0.96,-0.21,0.98,-0.0,1,2025-10-06 11:12:46.434000015+00:00
1759749166.637,131246.637,619489.9483488976,5806179.849461422,40.49,-3.84,-0.51,-1.01,-0.14,0.99,0.03,1,2025-10-06 11:12:46.637000084+00:00
1759749166.842,131246.842,619489.9696093256,5806179.920493046,40.54,-3.71,-0.6,-0.97,-0.16,0.99,0.01,1,2025-10-06 11:12:46.842000008+00:00
1759749167.044,131247.044,619489.617276935,5806179.748173591,40.53,-3.87,-0.44,-0.99,-0.12,0.99,0.04,1,2025-10-06 11:12:47.043999910+00:00
1759749167.261,131247.261,619489.5647503706,5806179.9108502185,40.53,-3.83,-0.53,-0.97,-0.14,0.99,0.02,1,2025-10-06 11:12:47.260999918+00:00
1759749167.463,131247.463,619489.4546921471,5806179.931003005,40.56,-3.83,-0.57,-0.96,-0.15,0.99,0.02,1,2025-10-06 11:12:47.463000059+00:00
1759749167.668,131247.668,619489.3488802353,5806180.064871335,40.58,-3.81,-0.68,-0.96,-0.18,0.98,0.02,1,2025-10-06 11:12:47.667999983+00:00
1759749167.869,131247.869,619489.0844984669,5806180.055947028,40.53,-3.9,-0.59,-0.99,-0.16,0.99,0.04,1,2025-10-06 11:12:47.868999958+00:00
1759749168.075,131248.075,619488.9933419415,5806180.009906008,40.51,-3.92,-0.57,-1.03,-0.15,0.99,0.03,1,2025-10-06 11:12:48.075000048+00:00
1759749168.277,131248.277,619488.8948106184,5806180.05450366,40.56,-3.91,-0.54,-0.98,-0.14,0.99,0.02,1,2025-10-06 11:12:48.276999950+00:00
1759749168.479,131248.479,619488.7988223435,5806180.349934076,40.51,-3.89,-0.79,-1.02,-0.2,0.98,0.02,1,2025-10-06 11:12:48.479000092+00:00
1759749168.695,131248.695,619488.6085357483,5806180.023201535,40.51,-3.96,-0.51,-1.02,-0.13,0.99,0.02,1,2025-10-06 11:12:48.694999933+00:00
1759749168.899,131248.899,619488.4672920454,5806179.9983551055,40.51,-3.95,-0.5,-1.04,-0.13,0.99,0.02,1,2025-10-06 11:12:48.898999929+00:00
1759749169.103,131249.103,619488.3113753049,5806180.266992286,40.56,-3.94,-0.74,-1.01,-0.19,0.98,0.0,1,2025-10-06 11:12:49.102999926+00:00
1759749169.306,131249.306,619488.1500947775,5806180.244844208,40.599999999999994,-3.96,-0.62,-0.95,-0.16,0.99,0.01,1,2025-10-06 11:12:49.305999994+00:00
1759749169.507,131249.507,619487.9913491118,5806180.21699565,40.599999999999994,-3.95,-0.62,-0.95,-0.16,0.99,0.01,1,2025-10-06 11:12:49.506999969+00:00
1759749169.711,131249.711,619487.9581432285,5806180.357255171,40.480000000000004,-3.94,-0.72,-1.08,-0.18,0.98,0.0,1,2025-10-06 11:12:49.710999966+00:00
1759749169.913,131249.913,619487.9460270738,5806180.488701146,40.54,-3.82,-0.82,-1.04,-0.21,0.98,-0.01,1,2025-10-06 11:12:49.913000107+00:00
1759749170.131,131250.131,619487.716846616,5806180.507670886,40.559999999999995,-3.9,-0.82,-0.99,-0.21,0.98,0.01,1,2025-10-06 11:12:50.131000042+00:00
1759749170.334,131250.334,619487.4039733113,5806180.188262398,40.5,-4.02,-0.54,-1.04,-0.14,0.99,0.02,1,2025-10-06 11:12:50.334000111+00:00
1759749170.537,131250.537,619487.2773858565,5806180.473574466,40.53,-4.04,-0.74,-1.06,-0.18,0.98,0.01,1,2025-10-06 11:12:50.536999941+00:00
1759749170.739,131250.739,619487.3542499808,5806180.590422602,40.59,-3.94,-0.81,-1.01,-0.21,0.98,0.01,1,2025-10-06 11:12:50.739000082+00:00
1759749170.94,131250.94,619486.9623821989,5806180.343932602,40.540000000000006,-4.14,-0.62,-1.05,-0.15,0.99,0.02,1,2025-10-06 11:12:50.940000057+00:00
1759749171.158,131251.158,619486.9061725611,5806180.317665012,40.6,-4.07,-0.46,-0.99,-0.12,0.99,0.03,1,2025-10-06 11:12:51.157999992+00:00
1759749171.36,131251.36,619486.7954944493,5806180.398477856,40.52,-4.14,-0.54,-1.07,-0.13,0.99,0.01,1,2025-10-06 11:12:51.359999895+00:00
1759749171.56,131251.56,619486.5959670166,5806180.3346073255,40.519999999999996,-4.22,-0.56,-1.09,-0.13,0.99,0.01,1,2025-10-06 11:12:51.559999943+00:00
1759749171.56,131251.56,619486.7827144387,5806180.6211873535,40.58,-4.11,-0.73,-1.03,-0.18,0.98,0.0,1,2025-10-06 11:12:51.559999943+00:00
1759749171.762,131251.762,619486.6924087706,5806180.461061289,40.63,-4.0,-0.67,-0.97,-0.17,0.99,0.0,1,2025-10-06 11:12:51.762000084+00:00
1759749171.964,131251.964,619486.5084175844,5806180.492886262,40.519999999999996,-4.1,-0.69,-1.06,-0.17,0.99,0.0,1,2025-10-06 11:12:51.963999987+00:00
1759749172.183,131252.183,619486.412123525,5806180.648345412,40.510000000000005,-4.15,-0.7,-1.08,-0.17,0.99,0.01,1,2025-10-06 11:12:52.183000088+00:00
1759749172.387,131252.387,619486.2062365907,5806180.381485113,40.54,-4.25,-0.52,-1.08,-0.12,0.99,0.01,1,2025-10-06 11:12:52.387000084+00:00
1759749172.59,131252.59,619486.1828132954,5806180.358572951,40.56,-4.21,-0.6,-1.05,-0.14,0.99,0.01,1,2025-10-06 11:12:52.589999914+00:00
1759749172.792,131252.792,619486.1910099135,5806180.490410431,40.480000000000004,-4.19,-0.65,-1.11,-0.16,0.99,0.01,1,2025-10-06 11:12:52.792000055+00:00
1759749172.994,131252.994,619486.282397968,5806180.4360608235,40.510000000000005,-4.06,-0.56,-1.08,-0.14,0.99,0.02,1,2025-10-06 11:12:52.993999958+00:00
1759749173.196,131253.196,619486.0471904355,5806180.561372335,40.47,-4.19,-0.85,-1.14,-0.2,0.98,-0.0,1,2025-10-06 11:12:53.196000099+00:00
1759749173.411,131253.411,619485.9003399459,5806179.812816229,40.519999999999996,-4.26,-0.29,-1.1,-0.07,1.0,0.02,1,2025-10-06 11:12:53.411000013+00:00
1759749173.613,131253.613,619486.0678302846,5806180.316713033,40.58,-4.12,-0.72,-1.04,-0.17,0.99,0.0,1,2025-10-06 11:12:53.612999916+00:00
1759749173.816,131253.816,619485.9648722422,5806180.197239397,40.53,-4.18,-0.48,-1.06,-0.12,0.99,0.02,1,2025-10-06 11:12:53.815999985+00:00
1759749174.02,131254.02,619485.7444056957,5806180.080429482,40.54,-4.29,-0.4,-1.06,-0.1,0.99,0.03,1,2025-10-06 11:12:54.019999981+00:00
1759749174.222,131254.222,619485.7440210435,5806180.157189945,40.589999999999996,-4.18,-0.49,-1.02,-0.12,0.99,0.01,1,2025-10-06 11:12:54.221999884+00:00
1759749174.424,131254.424,619485.6059591324,5806180.370176554,40.54,-4.24,-0.66,-1.06,-0.16,0.99,0.02,1,2025-10-06 11:12:54.424000025+00:00
1759749174.642,131254.642,619485.3523111604,5806179.935653652,40.510000000000005,-4.28,-0.23,-1.08,-0.07,1.0,0.05,1,2025-10-06 11:12:54.641999960+00:00
1759749174.843,131254.843,619485.3990731129,5806180.264687904,40.54,-4.15,-0.6,-1.07,-0.15,0.99,0.03,1,2025-10-06 11:12:54.842999935+00:00
1759749175.047,131255.047,619485.1807623125,5806180.105676684,40.519999999999996,-4.2,-0.4,-1.09,-0.11,0.99,0.05,1,2025-10-06 11:12:55.046999931+00:00
1759749175.25,131255.25,619484.9513231997,5806180.145708886,40.46,-4.29,-0.4,-1.12,-0.11,0.99,0.04,1,2025-10-06 11:12:55.250000+00:00
1759749175.45,131255.45,619484.8348842491,5806180.223138793,40.41,-4.24,-0.51,-1.17,-0.13,0.99,0.04,1,2025-10-06 11:12:55.450000048+00:00
1759749175.667,131255.667,619484.5450660998,5806179.782489022,40.41,-4.34,-0.16,-1.17,-0.05,1.0,0.07,1,2025-10-06 11:12:55.667000055+00:00
1759749175.868,131255.868,619484.4328606393,5806179.927363028,40.42,-4.31,-0.37,-1.15,-0.1,0.99,0.07,1,2025-10-06 11:12:55.868000031+00:00
1759749176.072,131256.072,619484.2993687036,5806179.911245414,40.43,-4.29,-0.35,-1.12,-0.1,0.99,0.08,1,2025-10-06 11:12:56.072000027+00:00
1759749176.278,131256.278,619484.1000425685,5806180.059715037,40.440000000000005,-4.35,-0.48,-1.12,-0.13,0.99,0.08,1,2025-10-06 11:12:56.278000116+00:00
1759749176.482,131256.482,619484.0651671995,5806180.078516414,40.449999999999996,-4.28,-0.37,-1.1,-0.11,0.99,0.08,1,2025-10-06 11:12:56.482000113+00:00
1759749176.685,131256.685,619483.8696132427,5806179.981161855,40.46,-4.33,-0.35,-1.08,-0.1,0.99,0.08,1,2025-10-06 11:12:56.684999943+00:00
1759749176.886,131256.886,619483.698960163,5806179.75883442,40.449999999999996,-4.37,-0.19,-1.09,-0.07,0.99,0.09,1,2025-10-06 11:12:56.885999918+00:00
1759749177.105,131257.105,619483.5442355787,5806179.718225389,40.400000000000006,-4.21,-0.04,-1.12,-0.03,0.99,0.1,1,2025-10-06 11:12:57.105000019+00:00
1759749177.307,131257.307,619483.389054169,5806179.764618699,40.39,-4.24,-0.05,-1.13,-0.04,0.99,0.11,1,2025-10-06 11:12:57.306999922+00:00
1759749177.508,131257.508,619483.1998958827,5806179.7147013815,40.39,-4.48,-0.05,-1.14,-0.04,0.99,0.11,1,2025-10-06 11:12:57.507999897+00:00
1759749177.71,131257.71,619483.367087038,5806179.862657359,40.48,-4.27,-0.33,-0.99,-0.09,0.99,0.07,1,2025-10-06 11:12:57.710000038+00:00
1759749177.911,131257.911,619483.2171555221,5806179.5679329345,40.589999999999996,-4.31,-0.07,-0.89,-0.03,1.0,0.08,1,2025-10-06 11:12:57.911000013+00:00
1759749178.115,131258.115,619483.235148058,5806179.742784576,40.559999999999995,-4.31,-0.22,-0.95,-0.07,0.99,0.08,1,2025-10-06 11:12:58.115000010+00:00
1759749178.333,131258.333,619483.0700098383,5806179.75464384,40.53,-4.43,-0.22,-0.99,-0.06,1.0,0.06,1,2025-10-06 11:12:58.332999945+00:00
1759749178.535,131258.535,619483.0868014487,5806179.840415375,40.6,-4.36,-0.34,-0.91,-0.09,0.99,0.06,1,2025-10-06 11:12:58.535000086+00:00
1759749178.737,131258.737,619483.0923478717,5806179.407601437,40.66,-4.3,0.04,-0.84,-0.01,1.0,0.08,1,2025-10-06 11:12:58.736999989+00:00
1759749178.94,131258.94,619483.0710976004,5806179.618420631,40.7,-4.32,-0.11,-0.8,-0.04,1.0,0.06,1,2025-10-06 11:12:58.940000057+00:00
1759749179.141,131259.141,619483.1400249717,5806179.628018047,40.64,-4.31,-0.05,-0.86,-0.02,1.0,0.04,1,2025-10-06 11:12:59.141000032+00:00
1759749179.344,131259.344,619483.0369945383,5806179.55711064,40.6,-4.34,-0.02,-0.93,-0.01,1.0,0.03,1,2025-10-06 11:12:59.344000101+00:00
1759749179.562,131259.562,619482.8791668161,5806179.55609548,40.54,-4.42,0.03,-0.99,-0.0,1.0,0.04,1,2025-10-06 11:12:59.562000036+00:00
1759749179.763,131259.763,619482.903511977,5806179.629069836,40.63,-4.33,-0.11,-0.89,-0.03,1.0,0.02,1,2025-10-06 11:12:59.763000011+00:00
1759749179.763,131259.763,619482.7632205208,5806179.662576965,40.620000000000005,-4.47,-0.19,-0.9,-0.05,1.0,0.02,1,2025-10-06 11:12:59.763000011+00:00
1759749179.968,131259.968,619482.8041291968,5806179.481393173,40.67,-4.32,0.07,-0.83,0.01,1.0,0.04,1,2025-10-06 11:12:59.967999935+00:00
1759749180.169,131300.169,619482.651837796,5806179.593799645,40.71,-4.37,-0.09,-0.81,-0.03,1.0,0.03,1,2025-10-06 11:13:00.168999910+00:00
1759749180.383,131300.383,619482.5574210403,5806179.871688414,40.71,-4.34,-0.37,-0.79,-0.09,1.0,0.03,1,2025-10-06 11:13:00.382999897+00:00
1759749180.587,131300.587,619482.4463947507,5806179.506324412,40.74,-4.37,0.0,-0.76,-0.01,1.0,0.04,1,2025-10-06 11:13:00.586999893+00:00
1759749180.789,131300.789,619482.3796250407,5806179.5675654765,40.74,-4.35,-0.07,-0.76,-0.03,1.0,0.06,1,2025-10-06 11:13:00.789000034+00:00
1759749180.992,131300.992,619482.4110717776,5806179.602814128,40.72,-4.26,-0.1,-0.78,-0.03,1.0,0.05,1,2025-10-06 11:13:00.992000103+00:00
1759749181.196,131301.196,619482.2434524973,5806179.476326746,40.73,-4.32,0.07,-0.77,0.0,1.0,0.06,1,2025-10-06 11:13:01.196000099+00:00
1759749181.4,131301.4,619482.1138379768,5806179.8803356085,40.63,-4.41,-0.34,-0.87,-0.09,1.0,0.04,1,2025-10-06 11:13:01.400000095+00:00
1759749181.603,131301.603,619482.0186767078,5806179.808636473,40.550000000000004,-4.46,-0.21,-0.94,-0.05,1.0,0.03,1,2025-10-06 11:13:01.602999926+00:00
1759749181.806,131301.806,619481.9990028973,5806179.924281282,40.519999999999996,-4.45,-0.29,-0.99,-0.07,1.0,0.03,1,2025-10-06 11:13:01.805999994+00:00
1759749182.01,131302.01,619482.1329652616,5806179.120464187,40.580000000000005,-4.25,0.43,-0.94,0.1,0.99,-0.02,1,2025-10-06 11:13:02.009999990+00:00
1759749182.214,131302.214,619482.1399233931,5806179.614353936,40.620000000000005,-4.29,-0.04,-0.9,-0.01,1.0,0.02,1,2025-10-06 11:13:02.213999987+00:00
1759749182.419,131302.419,619481.8994032664,5806179.925627107,40.559999999999995,-4.4,-0.33,-0.95,-0.08,1.0,0.02,1,2025-10-06 11:13:02.418999910+00:00
1759749182.624,131302.624,619481.8778768954,5806179.620646873,40.57,-4.31,0.01,-0.93,-0.0,1.0,0.03,1,2025-10-06 11:13:02.624000072+00:00
1759749182.828,131302.828,619481.7533639363,5806179.852723739,40.519999999999996,-4.38,-0.17,-0.99,-0.04,1.0,0.02,1,2025-10-06 11:13:02.828000069+00:00
1759749183.046,131303.046,619481.740160396,5806179.6562812645,40.580000000000005,-4.32,-0.01,-0.94,-0.01,1.0,0.03,1,2025-10-06 11:13:03.046000004+00:00
1759749183.247,131303.247,619481.5923025102,5806179.700854481,40.51,-4.39,-0.04,-1.0,-0.02,1.0,0.03,1,2025-10-06 11:13:03.246999979+00:00
1759749183.449,131303.449,619481.4450079299,5806179.9857652355,40.33,-4.4,-0.26,-1.14,-0.07,1.0,0.03,1,2025-10-06 11:13:03.448999882+00:00
1759749183.651,131303.651,619481.2231047747,5806179.886213462,40.24,-4.43,-0.16,-1.22,-0.05,1.0,0.05,1,2025-10-06 11:13:03.651000023+00:00
1759749183.854,131303.854,619481.2572304057,5806180.218560996,40.26,-4.25,-0.48,-1.24,-0.12,0.99,0.04,1,2025-10-06 11:13:03.854000092+00:00
1759749184.073,131304.073,619481.1070772097,5806179.985287584,40.36,-4.35,-0.25,-1.13,-0.07,1.0,0.03,1,2025-10-06 11:13:04.072999954+00:00
1759749184.275,131304.275,619481.0176409499,5806179.822407605,40.42,-4.39,-0.18,-1.08,-0.05,1.0,0.03,1,2025-10-06 11:13:04.275000095+00:00
1759749184.477,131304.477,619481.0472807091,5806180.026664479,40.42,-4.25,-0.37,-1.07,-0.09,0.99,0.03,1,2025-10-06 11:13:04.476999998+00:00
1759749184.68,131304.68,619480.8391241307,5806179.717168472,40.440000000000005,-4.4,-0.09,-1.08,-0.03,1.0,0.03,1,2025-10-06 11:13:04.680000067+00:00
1759749184.88,131304.88,619480.9239679886,5806179.902505878,40.59,-4.27,-0.22,-0.94,-0.05,1.0,0.01,1,2025-10-06 11:13:04.880000114+00:00
1759749185.099,131305.099,619480.7011150849,5806179.723687734,40.53,-4.36,-0.04,-0.98,-0.01,1.0,0.03,1,2025-10-06 11:13:05.098999977+00:00
1759749185.304,131305.304,619480.5228222015,5806179.580221607,40.510000000000005,-4.39,-0.03,-1.01,-0.01,1.0,0.02,1,2025-10-06 11:13:05.303999901+00:00
1759749185.507,131305.507,619480.4434158504,5806179.574946364,40.48,-4.35,0.03,-1.03,0.0,1.0,0.03,1,2025-10-06 11:13:05.506999969+00:00
1759749185.709,131305.709,619480.3009773777,5806179.494661887,40.55,-4.38,0.02,-0.96,-0.0,1.0,0.03,1,2025-10-06 11:13:05.709000111+00:00
1759749185.91,131305.91,619480.2403056319,5806179.495114034,40.54,-4.33,-0.08,-0.95,-0.01,1.0,-0.03,1,2025-10-06 11:13:05.910000086+00:00
1759749186.112,131306.112,619480.0439950144,5806179.596980104,40.57,-4.38,-0.11,-0.95,-0.03,1.0,0.03,1,2025-10-06 11:13:06.111999989+00:00
1759749186.314,131306.314,619480.0271569696,5806179.611670163,40.620000000000005,-4.34,-0.08,-0.91,-0.03,1.0,0.04,1,2025-10-06 11:13:06.313999891+00:00
1759749186.532,131306.532,619479.8670539468,5806179.270324345,40.660000000000004,-4.42,0.18,-0.86,0.03,1.0,0.04,1,2025-10-06 11:13:06.532000064+00:00
1759749186.733,131306.733,619479.7929336426,5806179.555600322,40.669999999999995,-4.46,-0.11,-0.84,-0.03,1.0,0.04,1,2025-10-06 11:13:06.733000040+00:00
1759749186.935,131306.935,619479.8398399373,5806179.373326114,40.7,-4.34,0.05,-0.82,0.0,1.0,0.05,1,2025-10-06 11:13:06.934999943+00:00
1759749187.136,131307.136,619479.7101207164,5806179.341527147,40.77,-4.37,0.04,-0.76,-0.0,1.0,0.06,1,2025-10-06 11:13:07.135999918+00:00
1759749187.354,131307.354,619479.9603407818,5806178.620638402,40.800000000000004,-4.16,0.45,-0.72,0.09,0.99,0.08,1,2025-10-06 11:13:07.354000092+00:00
1759749187.556,131307.556,619479.8095914472,5806179.48016645,40.800000000000004,-4.26,-0.75,-0.69,-0.16,0.98,-0.07,1,2025-10-06 11:13:07.555999994+00:00
1759749187.759,131307.759,619479.875609048,5806178.16671359,40.760000000000005,-4.3,0.53,-0.73,0.11,0.99,0.05,1,2025-10-06 11:13:07.759000063+00:00
1759749187.96,131307.96,619479.793283798,5806178.229855058,40.79,-4.34,0.53,-0.72,0.11,0.99,0.05,1,2025-10-06 11:13:07.960000038+00:00
1759749187.96,131307.96,619479.7468601583,5806178.548646897,40.73,-4.35,0.17,-0.78,0.03,1.0,0.03,1,2025-10-06 11:13:07.960000038+00:00
1759749188.163,131308.163,619479.7270344995,5806178.188864552,40.82,-4.29,0.49,-0.69,0.11,0.99,0.04,1,2025-10-06 11:13:08.163000107+00:00
1759749188.365,131308.365,619479.4420614905,5806178.889760966,40.79,-4.33,-0.28,-0.72,-0.06,1.0,-0.03,1,2025-10-06 11:13:08.365000010+00:00
1759749188.583,131308.583,619479.5123187198,5806178.5298395455,40.72,-4.26,0.14,-0.79,0.04,1.0,-0.03,1,2025-10-06 11:13:08.582999945+00:00
1759749188.782,131308.782,619479.3352209328,5806178.479893901,40.68,-4.3,0.18,-0.84,0.05,1.0,-0.03,1,2025-10-06 11:13:08.782000065+00:00
1759749188.985,131308.985,619479.4197235903,5806178.10803205,40.63,-4.21,0.55,-0.89,0.13,0.99,-0.01,1,2025-10-06 11:13:08.984999895+00:00
1759749189.185,131309.185,619479.2704154451,5806178.320494559,40.6,-4.21,0.41,-0.92,0.1,1.0,-0.0,1,2025-10-06 11:13:09.184999943+00:00
1759749189.402,131309.402,619479.0675524111,5806178.48593433,40.61,-4.24,0.2,-0.93,0.05,1.0,-0.03,1,2025-10-06 11:13:09.401999950+00:00
1759749189.606,131309.606,619478.9126320609,5806178.420848408,40.58,-4.29,0.2,-0.96,0.05,1.0,-0.03,1,2025-10-06 11:13:09.605999947+00:00
1759749189.808,131309.808,619478.868537053,5806178.225930532,40.6,-4.16,0.39,-0.92,0.09,1.0,-0.0,1,2025-10-06 11:13:09.808000088+00:00
1759749190.01,131310.01,619478.6994406353,5806178.340540638,40.519999999999996,-4.15,0.26,-0.99,0.07,1.0,-0.02,1,2025-10-06 11:13:10.009999990+00:00
1759749190.213,131310.213,619478.4773839536,5806178.491339003,40.59,-4.21,0.1,-0.98,0.03,1.0,-0.02,1,2025-10-06 11:13:10.213000059+00:00
1759749190.415,131310.415,619478.4697555124,5806178.185611045,40.65,-4.1,0.31,-0.92,0.08,1.0,-0.01,1,2025-10-06 11:13:10.414999962+00:00
1759749190.618,131310.618,619478.3259567359,5806178.206416446,40.519999999999996,-4.13,0.3,-0.99,0.08,1.0,-0.01,1,2025-10-06 11:13:10.618000031+00:00
1759749190.839,131310.839,619478.0787319291,5806178.572533013,40.46,-4.18,0.09,-1.06,0.03,1.0,-0.02,1,2025-10-06 11:13:10.838999987+00:00
1759749191.04,131311.04,619478.1234553265,5806178.22251624,40.54,-4.06,0.33,-1.01,0.08,1.0,-0.01,1,2025-10-06 11:13:11.039999962+00:00
1759749191.242,131311.242,619477.9483235237,5806177.927078723,40.519999999999996,-4.14,0.45,-1.03,0.11,0.99,-0.01,1,2025-10-06 11:13:11.242000103+00:00
1759749191.444,131311.444,619477.9913098735,5806178.016880539,40.53,-3.96,0.44,-1.01,0.11,0.99,-0.01,1,2025-10-06 11:13:11.444000006+00:00
1759749191.645,131311.645,619477.7424153558,5806178.135155174,40.53,-4.04,0.29,-1.0,0.07,1.0,-0.01,1,2025-10-06 11:13:11.644999981+00:00
1759749191.863,131311.863,619477.727547977,5806177.95780702,40.54,-3.96,0.49,-1.0,0.12,0.99,-0.0,1,2025-10-06 11:13:11.862999916+00:00
1759749192.067,131312.067,619477.5652732949,5806178.146548394,40.55,-3.99,0.19,-0.99,0.05,1.0,-0.02,1,2025-10-06 11:13:12.066999911+00:00
1759749192.269,131312.269,619477.4583776258,5806178.1105254255,40.53,-4.02,0.25,-1.01,0.07,1.0,-0.02,1,2025-10-06 11:13:12.269000053+00:00
1759749192.472,131312.472,619477.3591117372,5806178.080033083,40.53,-4.04,0.32,-1.0,0.08,1.0,-0.01,1,2025-10-06 11:13:12.471999884+00:00
1759749192.674,131312.674,619477.487667571,5806177.976295326,40.55,-3.86,0.36,-0.99,0.09,1.0,-0.0,1,2025-10-06 11:13:12.674000025+00:00
1759749192.875,131312.875,619477.2953811678,5806178.110796097,40.480000000000004,-4.0,0.27,-1.05,0.07,1.0,-0.01,1,2025-10-06 11:13:12.875000+00:00
1759749193.079,131313.079,619477.3292848378,5806178.238058682,40.550000000000004,-3.93,0.12,-0.98,0.03,1.0,-0.02,1,2025-10-06 11:13:13.078999996+00:00
1759749193.296,131313.296,619477.329651654,5806178.2188836895,40.57,-3.85,0.21,-0.96,0.04,1.0,0.04,1,2025-10-06 11:13:13.296000004+00:00
1759749193.5,131313.5,619477.169532329,5806178.803736012,40.510000000000005,-3.91,-0.14,-1.01,-0.04,1.0,0.03,1,2025-10-06 11:13:13.500000+00:00
1759749193.705,131313.705,619477.203889242,5806179.547380775,40.49,-3.88,-0.26,-1.04,-0.07,1.0,0.02,1,2025-10-06 11:13:13.704999924+00:00
1759749193.906,131313.906,619476.9951393206,5806179.242950734,40.480000000000004,-3.96,-0.07,-1.05,-0.02,1.0,0.03,1,2025-10-06 11:13:13.905999899+00:00
1759749194.108,131314.108,619476.900913059,5806179.043743011,40.489999999999995,-3.95,0.09,-1.02,0.01,1.0,0.04,1,2025-10-06 11:13:14.108000040+00:00
1759749194.31,131314.31,619476.8013588046,5806179.381636136,40.480000000000004,-3.9,-0.17,-1.04,-0.05,1.0,0.02,1,2025-10-06 11:13:14.309999943+00:00
1759749194.529,131314.529,619476.6844725357,5806179.255074376,40.47,-3.9,-0.08,-1.07,-0.03,1.0,0.03,1,2025-10-06 11:13:14.529000044+00:00
1759749194.733,131314.733,619476.5471427682,5806179.3007388655,40.46,-3.89,-0.14,-1.06,-0.04,1.0,0.02,1,2025-10-06 11:13:14.733000040+00:00
1759749194.937,131314.937,619476.3895655397,5806178.995109786,40.43,-3.87,0.08,-1.04,0.01,1.0,0.04,1,2025-10-06 11:13:14.937000036+00:00
1759749195.14,131315.14,619476.1626448515,5806179.086263889,40.4,-3.97,0.02,-1.1,-0.01,1.0,0.04,1,2025-10-06 11:13:15.140000105+00:00
1759749195.343,131315.343,619476.1214742922,5806179.069674081,40.4,-3.87,0.09,-1.1,0.01,1.0,0.05,1,2025-10-06 11:13:15.342999935+00:00
1759749195.546,131315.546,619475.9709015009,5806179.385096544,40.37,-3.91,-0.21,-1.13,-0.06,1.0,0.02,1,2025-10-06 11:13:15.546000004+00:00
1759749195.749,131315.749,619475.8359973592,5806179.176295152,40.379999999999995,-3.87,0.02,-1.1,-0.0,1.0,0.03,1,2025-10-06 11:13:15.749000072+00:00
1759749195.951,131315.951,619475.6929536727,5806179.508275953,40.32,-3.86,-0.32,-1.16,-0.09,1.0,0.02,1,2025-10-06 11:13:15.950999975+00:00
1759749196.169,131316.169,619475.5919494543,5806179.282073882,40.33,-3.8,-0.14,-1.18,-0.05,1.0,0.03,1,2025-10-06 11:13:16.168999910+00:00
1759749196.169,131316.169,619475.4905227388,5806179.411483081,40.35,-3.91,-0.23,-1.16,-0.07,1.0,0.03,1,2025-10-06 11:13:16.168999910+00:00
1759749196.372,131316.372,619475.414238459,5806179.359736933,40.36,-3.82,-0.26,-1.12,-0.08,1.0,0.03,1,2025-10-06 11:13:16.371999979+00:00
1759749196.575,131316.575,619475.2139502387,5806179.324284141,40.33,-3.9,-0.13,-1.14,-0.04,1.0,0.04,1,2025-10-06 11:13:16.575000048+00:00
1759749196.776,131316.776,619475.0476016139,5806179.233890901,40.300000000000004,-3.89,-0.02,-1.16,-0.02,1.0,0.05,1,2025-10-06 11:13:16.776000023+00:00
1759749196.979,131316.979,619474.9363000455,5806179.228110606,40.29,-3.86,-0.09,-1.18,-0.04,1.0,0.04,1,2025-10-06 11:13:16.979000092+00:00
1759749197.181,131317.181,619474.8421072451,5806179.300304405,40.32,-3.83,-0.1,-1.15,-0.04,1.0,0.04,1,2025-10-06 11:13:17.180999994+00:00
1759749197.384,131317.384,619474.7109888212,5806179.294123213,40.300000000000004,-3.84,-0.12,-1.15,-0.04,1.0,0.04,1,2025-10-06 11:13:17.384000063+00:00
1759749197.601,131317.601,619474.468882341,5806179.284038531,40.260000000000005,-3.92,-0.13,-1.19,-0.04,1.0,0.03,1,2025-10-06 11:13:17.601000071+00:00
1759749197.804,131317.804,619474.3701210673,5806179.313174702,40.260000000000005,-3.9,-0.16,-1.19,-0.05,1.0,0.03,1,2025-10-06 11:13:17.803999901+00:00
1759749198.006,131318.006,619474.2623652831,5806179.098399389,40.32,-3.86,0.03,-1.14,-0.01,1.0,0.04,1,2025-10-06 11:13:18.006000042+00:00
1759749198.209,131318.209,619474.0548161289,5806179.170827235,40.300000000000004,-3.93,-0.05,-1.15,-0.02,1.0,0.04,1,2025-10-06 11:13:18.209000111+00:00
1759749198.413,131318.413,619473.9152905225,5806178.953044785,40.28,-3.9,0.2,-1.14,0.03,1.0,0.06,1,2025-10-06 11:13:18.413000107+00:00
1759749198.614,131318.614,619473.8494966459,5806179.29517349,40.28,-3.86,-0.09,-1.15,-0.04,1.0,0.04,1,2025-10-06 11:13:18.614000082+00:00
1759749198.831,131318.831,619473.7511639285,5806179.426055619,40.38,-3.82,-0.17,-1.08,-0.05,1.0,0.03,1,2025-10-06 11:13:18.831000090+00:00
1759749199.034,131319.034,619473.5819693733,5806179.405859437,40.39,-3.89,-0.05,-1.07,-0.03,1.0,0.05,1,2025-10-06 11:13:19.033999920+00:00
1759749199.236,131319.236,619473.5249949424,5806179.4724783,40.37,-3.82,-0.12,-1.07,-0.04,1.0,0.05,1,2025-10-06 11:13:19.236000061+00:00
1759749199.44,131319.44,619473.3884088915,5806179.547319645,40.35,-3.84,-0.2,-1.08,-0.06,1.0,0.03,1,2025-10-06 11:13:19.440000057+00:00
1759749199.641,131319.641,619473.2480737217,5806179.493922432,40.39,-3.87,-0.09,-1.07,-0.03,1.0,0.04,1,2025-10-06 11:13:19.641000032+00:00
1759749199.859,131319.859,619473.1469816356,5806179.491985482,40.38,-3.85,-0.08,-1.05,-0.03,1.0,0.04,1,2025-10-06 11:13:19.858999968+00:00
1759749200.061,131320.061,619473.0393311393,5806179.549819783,40.339999999999996,-3.83,-0.19,-1.09,-0.06,1.0,0.04,1,2025-10-06 11:13:20.061000109+00:00
1759749200.263,131320.263,619472.8875968845,5806179.627947689,40.35,-3.85,-0.24,-1.08,-0.07,1.0,0.04,1,2025-10-06 11:13:20.263000010+00:00
1759749200.467,131320.467,619472.7808201888,5806179.64372319,40.33,-3.84,-0.17,-1.08,-0.06,1.0,0.05,1,2025-10-06 11:13:20.467000008+00:00
1759749200.668,131320.668,619472.585888626,5806179.748261152,40.29,-3.89,-0.28,-1.11,-0.09,0.99,0.05,1,2025-10-06 11:13:20.667999983+00:00
1759749200.869,131320.869,619472.5116645563,5806179.673736119,40.339999999999996,-3.84,-0.15,-1.07,-0.06,1.0,0.06,1,2025-10-06 11:13:20.868999958+00:00
1759749201.088,131321.088,619472.4704224083,5806179.80394867,40.38,-3.85,-0.25,-1.04,-0.07,1.0,0.03,1,2025-10-06 11:13:21.088000059+00:00
1759749201.29,131321.29,619472.3942775357,5806179.653709503,40.410000000000004,-3.84,-0.12,-1.01,-0.04,1.0,0.03,1,2025-10-06 11:13:21.289999962+00:00
1759749201.492,131321.492,619472.2158104815,5806179.427289204,40.419999999999995,-3.89,0.07,-0.99,0.01,1.0,0.05,1,2025-10-06 11:13:21.492000103+00:00
1759749201.695,131321.695,619472.2267838584,5806179.518012691,40.53,-3.81,-0.08,-0.9,-0.03,1.0,0.03,1,2025-10-06 11:13:21.694999933+00:00
1759749201.898,131321.898,619472.0161220391,5806179.655044536,40.59,-3.88,-0.15,-0.83,-0.05,1.0,0.04,1,2025-10-06 11:13:21.898000002+00:00
1759749202.1,131322.1,619471.6813889922,5806179.566535611,40.730000000000004,-3.89,-0.11,-0.69,-0.04,1.0,0.08,1,2025-10-06 11:13:22.099999905+00:00
1759749202.318,131322.318,619471.6897669326,5806179.496685047,40.78,-3.83,-0.01,-0.62,-0.02,1.0,0.08,1,2025-10-06 11:13:22.318000078+00:00
1759749202.519,131322.519,619471.6626357695,5806179.477957506,40.72,-3.87,-0.0,-0.7,-0.01,1.0,0.06,1,2025-10-06 11:13:22.519000052+00:00
1759749202.72,131322.72,619471.6854960868,5806179.72370949,40.7,-3.82,-0.14,-0.72,-0.04,1.0,0.04,1,2025-10-06 11:13:22.720000029+00:00
1759749202.922,131322.922,619471.5422152934,5806179.518706873,40.65,-3.87,0.02,-0.79,-0.0,1.0,0.05,1,2025-10-06 11:13:22.921999931+00:00
1759749203.139,131323.139,619471.4645780654,5806179.372418297,40.7,-3.84,0.14,-0.73,0.03,1.0,0.05,1,2025-10-06 11:13:23.138999939+00:00
1759749203.343,131323.343,619471.2779354128,5806179.633705649,40.629999999999995,-3.91,-0.02,-0.74,-0.01,1.0,0.03,1,2025-10-06 11:13:23.342999935+00:00
1759749203.544,131323.544,619471.211953867,5806179.7159396615,40.589999999999996,-3.83,-0.11,-0.81,-0.04,1.0,0.04,1,2025-10-06 11:13:23.543999910+00:00
1759749203.744,131323.744,619471.1087849832,5806179.802289243,40.55,-3.86,-0.17,-0.89,-0.05,1.0,0.04,1,2025-10-06 11:13:23.743999958+00:00
1759749203.946,131323.946,619471.1360442012,5806180.028167388,40.57,-3.81,-0.4,-0.87,-0.11,0.99,0.03,1,2025-10-06 11:13:23.946000099+00:00
1759749204.15,131324.15,619471.1160531967,5806179.854140081,40.64,-3.81,-0.27,-0.78,-0.08,1.0,0.03,1,2025-10-06 11:13:24.150000095+00:00
1759749204.368,131324.368,619471.0376725794,5806179.576054248,40.66,-3.77,0.01,-0.74,-0.0,1.0,0.03,1,2025-10-06 11:13:24.368000031+00:00
1759749204.368,131324.368,619470.9711614376,5806179.897655969,40.61,-3.88,-0.24,-0.79,-0.07,1.0,0.03,1,2025-10-06 11:13:24.368000031+00:00
1759749204.569,131324.569,619470.928951543,5806179.930021897,40.62,-3.83,-0.24,-0.79,-0.07,1.0,0.02,1,2025-10-06 11:13:24.569000006+00:00
1759749204.772,131324.772,619470.817641835,5806179.638299834,40.66,-3.82,-0.06,-0.77,-0.02,1.0,0.03,1,2025-10-06 11:13:24.772000074+00:00
1759749204.976,131324.976,619470.6240082148,5806179.593298984,40.519999999999996,-3.92,-0.01,-0.88,-0.01,1.0,0.02,1,2025-10-06 11:13:24.976000071+00:00
1759749205.176,131325.176,619470.6855135505,5806179.823632822,40.45,-3.84,-0.13,-0.93,-0.04,1.0,0.02,1,2025-10-06 11:13:25.176000118+00:00
1759749205.394,131325.394,619470.5865964153,5806179.6983534,40.5,-3.82,-0.03,-0.93,-0.01,1.0,0.03,1,2025-10-06 11:13:25.394000053+00:00
1759749205.596,131325.596,619470.4418679209,5806179.549258731,40.57,-3.82,0.03,-0.88,-0.0,1.0,0.03,1,2025-10-06 11:13:25.595999956+00:00
1759749205.798,131325.798,619470.3915792572,5806179.7436994985,40.53,-3.81,-0.16,-0.89,-0.04,1.0,0.01,1,2025-10-06 11:13:25.798000097+00:00
1759749206.0,131326.0,619470.331244126,5806179.775556611,40.529999999999994,-3.8,-0.09,-0.88,-0.03,1.0,0.02,1,2025-10-06 11:13:26+00:00
1759749206.202,131326.202,619470.2357800633,5806179.792999383,40.52,-3.81,-0.07,-0.9,-0.02,1.0,0.02,1,2025-10-06 11:13:26.201999903+00:00
1759749206.404,131326.404,619470.0694805598,5806179.584007101,40.54,-3.83,0.08,-0.89,0.01,1.0,0.03,1,2025-10-06 11:13:26.404000044+00:00
1759749206.622,131326.622,619469.9432290912,5806179.746297265,40.51,-3.8,-0.07,-0.9,-0.03,1.0,0.04,1,2025-10-06 11:13:26.621999979+00:00
1759749206.825,131326.825,619469.8425950782,5806179.737304793,40.53,-3.81,0.0,-0.9,-0.01,1.0,0.03,1,2025-10-06 11:13:26.825000048+00:00
1759749207.03,131327.03,619469.7425751591,5806179.653888941,40.550000000000004,-3.75,0.05,-0.87,0.0,1.0,0.04,1,2025-10-06 11:13:27.029999971+00:00
1759749207.23,131327.23,619469.6811193259,5806179.744304548,40.56,-3.71,-0.12,-0.86,-0.04,1.0,0.02,1,2025-10-06 11:13:27.230000019+00:00
1759749207.432,131327.432,619469.5236640908,5806179.873821385,40.48,-3.76,-0.12,-0.92,-0.04,1.0,0.03,1,2025-10-06 11:13:27.431999922+00:00
1759749207.637,131327.637,619469.3529326473,5806179.814319514,40.449999999999996,-3.84,-0.05,-0.96,-0.02,1.0,0.03,1,2025-10-06 11:13:27.637000084+00:00
1759749207.839,131327.839,619469.3787904341,5806179.692882967,40.47,-3.74,0.08,-0.95,0.01,1.0,0.04,1,2025-10-06 11:13:27.838999987+00:00
1759749208.057,131328.057,619469.3089852749,5806179.767213582,40.43,-3.78,0.0,-1.0,-0.01,1.0,0.03,1,2025-10-06 11:13:28.056999922+00:00
1759749208.26,131328.26,619469.2778000685,5806179.610618809,40.46,-3.72,0.18,-0.96,0.04,1.0,0.03,1,2025-10-06 11:13:28.259999990+00:00
1759749208.465,131328.465,619469.2257527343,5806179.665683901,40.46,-3.75,0.04,-0.96,0.0,1.0,0.04,1,2025-10-06 11:13:28.464999914+00:00
1759749208.67,131328.67,619469.2880277844,5806179.864434326,40.47,-3.71,-0.07,-0.95,-0.02,1.0,0.02,1,2025-10-06 11:13:28.670000076+00:00
1759749208.876,131328.876,619469.1171543486,5806179.872440235,40.419999999999995,-3.8,-0.05,-0.99,-0.03,1.0,0.05,1,2025-10-06 11:13:28.875999928+00:00
1759749209.081,131329.081,619469.1689856476,5806180.235088109,40.37,-3.74,-0.36,-1.03,-0.11,0.99,0.05,1,2025-10-06 11:13:29.081000090+00:00
1759749209.284,131329.284,619469.4209622156,5806180.8435688345,40.32,-3.68,-0.7,-1.08,-0.2,0.98,0.04,1,2025-10-06 11:13:29.283999920+00:00
1759749209.489,131329.489,619469.690088658,5806181.398568556,40.33,-3.71,-0.89,-1.1,-0.23,0.97,0.01,1,2025-10-06 11:13:29.489000082+00:00
1759749209.695,131329.695,619469.6645630627,5806181.197957972,40.379999999999995,-3.68,-0.63,-1.03,-0.18,0.98,0.03,1,2025-10-06 11:13:29.694999933+00:00
1759749209.901,131329.901,619469.3569642137,5806181.180444609,40.39,-3.77,-0.63,-1.01,-0.17,0.99,0.02,1,2025-10-06 11:13:29.901000023+00:00
1759749210.107,131330.107,619469.3899635442,5806181.412217319,40.4,-3.68,-0.83,-1.0,-0.22,0.97,0.01,1,2025-10-06 11:13:30.107000113+00:00
1759749210.312,131330.312,619469.2269088784,5806181.260748427,40.37,-3.74,-0.68,-1.06,-0.19,0.98,0.03,1,2025-10-06 11:13:30.312000036+00:00
1759749210.515,131330.515,619468.7965207675,5806181.03540763,40.39,-3.88,-0.38,-1.01,-0.11,0.99,0.04,1,2025-10-06 11:13:30.515000105+00:00
1759749210.719,131330.719,619468.9476802928,5806181.26505072,40.44,-3.7,-0.65,-0.95,-0.18,0.98,0.02,1,2025-10-06 11:13:30.719000101+00:00
1759749210.926,131330.926,619468.687086359,5806181.1533365045,40.339999999999996,-3.78,-0.57,-1.06,-0.16,0.99,0.02,1,2025-10-06 11:13:30.926000118+00:00
1759749211.132,131331.132,619468.6280317802,5806181.377344866,40.33,-3.81,-0.7,-1.1,-0.19,0.98,0.02,1,2025-10-06 11:13:31.131999969+00:00
1759749211.337,131331.337,619468.4790662926,5806181.393215354,40.4,-3.79,-0.7,-1.04,-0.19,0.98,0.02,1,2025-10-06 11:13:31.336999893+00:00
1759749211.542,131331.542,619468.2148661416,5806181.260829233,40.41,-3.89,-0.52,-1.0,-0.14,0.99,0.05,1,2025-10-06 11:13:31.542000055+00:00
1759749211.747,131331.747,619468.3156475002,5806181.387284728,40.41,-3.73,-0.7,-1.0,-0.19,0.98,0.01,1,2025-10-06 11:13:31.746999979+00:00
1759749211.953,131331.953,619468.0194462327,5806181.458725388,40.27,-3.89,-0.6,-1.16,-0.16,0.99,0.03,1,2025-10-06 11:13:31.953000069+00:00
1759749212.159,131332.159,619468.1150878638,5806181.754232825,40.309999999999995,-3.82,-0.8,-1.13,-0.21,0.98,0.01,1,2025-10-06 11:13:32.158999920+00:00
1759749212.35,131332.35,619467.9457867251,5806181.645182378,40.339999999999996,-3.8,-0.82,-1.1,-0.21,0.98,0.0,1,2025-10-06 11:13:32.349999905+00:00
1759749212.556,131332.556,619467.6882366438,5806181.466310869,40.41,-3.84,-0.63,-1.02,-0.17,0.99,0.02,1,2025-10-06 11:13:32.555999994+00:00
1759749212.556,131332.556,619467.7604508277,5806181.643186848,40.41,-3.82,-0.82,-1.02,-0.21,0.98,-0.0,1,2025-10-06 11:13:32.555999994+00:00
1759749212.762,131332.762,619467.437641843,5806181.566622249,40.29,-3.97,-0.62,-1.11,-0.16,0.99,0.02,1,2025-10-06 11:13:32.762000084+00:00
1759749212.968,131332.968,619467.4508508499,5806181.66977619,40.300000000000004,-3.83,-0.68,-1.12,-0.18,0.98,0.02,1,2025-10-06 11:13:32.967999935+00:00
1759749213.175,131333.175,619467.2787052501,5806181.680152872,40.32,-3.86,-0.65,-1.13,-0.17,0.98,0.03,1,2025-10-06 11:13:33.174999952+00:00
1759749213.381,131333.381,619467.0108845381,5806181.5092373025,40.33,-3.91,-0.56,-1.1,-0.15,0.99,0.04,1,2025-10-06 11:13:33.381000042+00:00
1759749213.588,131333.588,619466.8048568586,5806181.764514683,40.26,-3.98,-0.7,-1.15,-0.19,0.98,0.05,1,2025-10-06 11:13:33.588000059+00:00
1759749213.794,131333.794,619466.7319274716,5806181.827630119,40.260000000000005,-3.91,-0.68,-1.16,-0.18,0.98,0.04,1,2025-10-06 11:13:33.793999910+00:00
1759749213.999,131333.999,619466.5312367734,5806181.714900052,40.3,-3.94,-0.57,-1.11,-0.16,0.99,0.06,1,2025-10-06 11:13:33.999000072+00:00
1759749214.204,131334.204,619466.3828739424,5806181.679695798,40.41,-3.88,-0.61,-1.02,-0.17,0.98,0.07,1,2025-10-06 11:13:34.203999996+00:00
1759749214.407,131334.407,619466.180046847,5806181.693599946,40.36,-3.95,-0.62,-1.05,-0.16,0.99,0.04,1,2025-10-06 11:13:34.407000065+00:00
1759749214.611,131334.611,619466.1966560684,5806181.815096283,40.37,-3.92,-0.68,-1.04,-0.18,0.98,0.03,1,2025-10-06 11:13:34.611000061+00:00
1759749214.81,131334.81,619465.9659160813,5806181.925578414,40.35,-4.02,-0.73,-1.07,-0.19,0.98,0.03,1,2025-10-06 11:13:34.809999943+00:00
1759749215.028,131335.028,619465.7792666293,5806181.512347203,40.449999999999996,-3.99,-0.31,-0.96,-0.09,1.0,0.04,1,2025-10-06 11:13:35.028000116+00:00
1759749215.23,131335.23,619465.674812875,5806181.810456206,40.419999999999995,-4.09,-0.53,-0.99,-0.14,0.99,0.03,1,2025-10-06 11:13:35.230000019+00:00
1759749215.433,131335.433,619465.6779164536,5806181.743352889,40.47,-3.85,-0.53,-0.94,-0.15,0.99,0.04,1,2025-10-06 11:13:35.433000088+00:00
1759749215.635,131335.635,619465.3301626156,5806181.528750218,40.47,-4.04,-0.29,-0.95,-0.08,1.0,0.03,1,2025-10-06 11:13:35.634999990+00:00
1759749215.838,131335.838,619465.349186334,5806182.024757849,40.459999999999994,-4.0,-0.75,-0.95,-0.19,0.98,0.02,1,2025-10-06 11:13:35.838000059+00:00
1759749216.041,131336.041,619465.0778337653,5806181.791074972,40.46,-4.02,-0.5,-0.94,-0.13,0.99,0.03,1,2025-10-06 11:13:36.040999889+00:00
1759749216.258,131336.258,619464.8718875144,5806181.583037428,40.510000000000005,-4.07,-0.27,-0.91,-0.07,1.0,0.03,1,2025-10-06 11:13:36.257999896+00:00
1759749216.461,131336.461,619464.7822681976,5806181.809360961,40.519999999999996,-4.08,-0.48,-0.89,-0.12,0.99,0.03,1,2025-10-06 11:13:36.460999966+00:00
1759749216.664,131336.664,619464.6868713936,5806182.04314114,40.519999999999996,-4.09,-0.66,-0.89,-0.16,0.99,0.02,1,2025-10-06 11:13:36.664000034+00:00
1759749216.866,131336.866,619464.6116630717,5806181.8084183,40.55,-3.96,-0.44,-0.86,-0.12,0.99,0.03,1,2025-10-06 11:13:36.865999937+00:00
1759749217.068,131337.068,619464.205984823,5806181.850356983,40.47,-4.16,-0.39,-0.93,-0.1,0.99,0.03,1,2025-10-06 11:13:37.068000078+00:00
1759749217.27,131337.27,619464.1183748601,5806182.00998365,40.5,-4.11,-0.49,-0.91,-0.13,0.99,0.04,1,2025-10-06 11:13:37.269999981+00:00
1759749217.488,131337.488,619464.036842146,5806181.994952246,40.5,-4.13,-0.41,-0.9,-0.11,0.99,0.04,1,2025-10-06 11:13:37.487999916+00:00
1759749217.691,131337.691,619463.9058517152,5806182.156169801,40.480000000000004,-4.13,-0.65,-0.91,-0.16,0.99,0.02,1,2025-10-06 11:13:37.690999985+00:00
1759749217.892,131337.892,619463.698602211,5806182.124840772,40.47,-4.17,-0.56,-0.93,-0.14,0.99,0.03,1,2025-10-06 11:13:37.891999960+00:00
1759749218.092,131338.092,619463.5649981134,5806182.135622006,40.44,-4.13,-0.54,-0.95,-0.14,0.99,0.03,1,2025-10-06 11:13:38.092000008+00:00
1759749218.295,131338.295,619463.4213038132,5806181.952179845,40.48,-4.13,-0.39,-0.93,-0.1,0.99,0.04,1,2025-10-06 11:13:38.295000076+00:00
1759749218.498,131338.498,619463.3296988814,5806181.960779418,40.53,-4.14,-0.28,-0.87,-0.07,1.0,0.03,1,2025-10-06 11:13:38.497999907+00:00
1759749218.715,131338.715,619463.0490588765,5806182.19785115,40.46,-4.15,-0.49,-0.94,-0.12,0.99,0.03,1,2025-10-06 11:13:38.714999914+00:00
1759749218.917,131338.917,619463.009465952,5806182.1198113505,40.48,-4.05,-0.34,-0.93,-0.09,1.0,0.04,1,2025-10-06 11:13:38.917000055+00:00
1759749219.119,131339.119,619462.739857725,5806182.16374732,40.4,-4.14,-0.44,-1.0,-0.11,0.99,0.02,1,2025-10-06 11:13:39.118999958+00:00
1759749219.321,131339.321,619462.5299704714,5806182.2119289255,40.44,-4.17,-0.48,-0.93,-0.12,0.99,0.04,1,2025-10-06 11:13:39.321000099+00:00
1759749219.524,131339.524,619462.3940985004,5806182.038560036,40.5,-4.1,-0.32,-0.87,-0.09,0.99,0.05,1,2025-10-06 11:13:39.523999929+00:00
1759749219.742,131339.742,619462.1961400828,5806181.9781397665,40.410000000000004,-4.17,-0.25,-0.97,-0.07,1.0,0.05,1,2025-10-06 11:13:39.742000103+00:00
1759749219.944,131339.944,619462.0160852472,5806182.286696816,40.38,-4.3,-0.47,-1.04,-0.12,0.99,0.03,1,2025-10-06 11:13:39.944000006+00:00
1759749220.147,131340.147,619462.1184000185,5806182.1879268,40.48,-4.14,-0.4,-0.93,-0.1,0.99,0.04,1,2025-10-06 11:13:40.147000074+00:00
1759749220.35,131340.35,619461.9414060934,5806181.946332198,40.5,-4.15,-0.2,-0.85,-0.06,1.0,0.04,1,2025-10-06 11:13:40.349999905+00:00
1759749220.556,131340.556,619461.8942951526,5806182.206025158,40.45,-4.22,-0.41,-0.91,-0.1,0.99,0.04,1,2025-10-06 11:13:40.555999994+00:00
1759749220.761,131340.761,619461.8869545964,5806182.288379583,40.440000000000005,-4.2,-0.45,-0.98,-0.11,0.99,0.02,1,2025-10-06 11:13:40.760999918+00:00
1759749220.761,131340.761,619461.6934009005,5806182.280729651,40.4,-4.39,-0.37,-1.02,-0.09,1.0,0.03,1,2025-10-06 11:13:40.760999918+00:00
1759749220.963,131340.963,619461.8639129037,5806182.113771646,40.52,-4.17,-0.33,-0.9,-0.09,1.0,0.03,1,2025-10-06 11:13:40.963000059+00:00
1759749221.166,131341.166,619461.9202158727,5806182.329067416,40.44,-4.2,-0.51,-0.93,-0.12,0.99,0.02,1,2025-10-06 11:13:41.165999889+00:00
1759749221.385,131341.385,619461.7238485509,5806182.15700744,40.39,-4.38,-0.22,-0.99,-0.06,1.0,0.04,1,2025-10-06 11:13:41.384999990+00:00
1759749221.584,131341.584,619461.8615357466,5806182.19759107,40.43,-4.28,-0.37,-0.97,-0.09,1.0,0.03,1,2025-10-06 11:13:41.584000111+00:00
1759749221.786,131341.786,619461.9960527915,5806182.157526565,40.48,-4.14,-0.36,-0.92,-0.09,0.99,0.03,1,2025-10-06 11:13:41.786000013+00:00
1759749221.99,131341.99,619462.1216804774,5806182.539387383,40.46,-4.1,-0.76,-0.94,-0.18,0.98,0.01,1,2025-10-06 11:13:41.990000010+00:00
1759749222.191,131342.191,619461.8635610781,5806182.483940329,40.42,-4.34,-0.65,-0.98,-0.15,0.99,0.02,1,2025-10-06 11:13:42.190999985+00:00
1759749222.395,131342.395,619461.9916312895,5806182.32239151,40.47,-4.18,-0.52,-0.93,-0.13,0.99,0.03,1,2025-10-06 11:13:42.394999981+00:00
1759749222.611,131342.611,619462.0252953168,5806182.243228809,40.449999999999996,-4.13,-0.45,-0.95,-0.11,0.99,0.02,1,2025-10-06 11:13:42.611000061+00:00
1759749222.814,131342.814,619461.9515204285,5806182.280069898,40.43,-4.21,-0.47,-0.97,-0.12,0.99,0.02,1,2025-10-06 11:13:42.813999891+00:00
1759749223.017,131343.017,619461.8918836475,5806182.242077079,40.48,-4.26,-0.42,-0.92,-0.1,0.99,0.03,1,2025-10-06 11:13:43.016999960+00:00
1759749223.221,131343.221,619461.952625804,5806182.238853661,40.44,-4.2,-0.43,-0.96,-0.11,0.99,0.03,1,2025-10-06 11:13:43.220999956+00:00
1759749223.423,131343.423,619461.720664578,5806181.931780398,40.44,-4.36,-0.08,-0.96,-0.03,1.0,0.04,1,2025-10-06 11:13:43.423000097+00:00
1759749223.625,131343.625,619461.9157847147,5806182.165078773,40.449999999999996,-4.22,-0.35,-0.95,-0.09,1.0,0.04,1,2025-10-06 11:13:43.625000+00:00
1759749223.829,131343.829,619461.8723577274,5806182.246405871,40.44,-4.28,-0.42,-0.96,-0.1,0.99,0.03,1,2025-10-06 11:13:43.828999996+00:00
1759749224.047,131344.047,619461.8540298925,5806182.025127561,40.47,-4.25,-0.2,-0.93,-0.06,1.0,0.04,1,2025-10-06 11:13:44.046999931+00:00
1759749224.251,131344.251,619461.9710463487,5806182.275741106,40.46,-4.19,-0.47,-0.94,-0.12,0.99,0.03,1,2025-10-06 11:13:44.250999927+00:00
1759749224.451,131344.451,619461.9634477848,5806182.287668462,40.46,-4.2,-0.48,-0.94,-0.12,0.99,0.03,1,2025-10-06 11:13:44.450999975+00:00
1759749224.653,131344.653,619461.9624814739,5806182.0522984,40.47,-4.15,-0.25,-0.93,-0.07,1.0,0.05,1,2025-10-06 11:13:44.653000116+00:00
1759749224.859,131344.859,619461.9581063268,5806182.124967912,40.47,-4.17,-0.32,-0.93,-0.08,1.0,0.03,1,2025-10-06 11:13:44.858999968+00:00
