1759745757.031,121557.031,619510.9298962402,5806174.940366792,40.44,-0.07,0.02,-1.03,0.05,0.97,0.01,1,2025-10-06 10:15:57.030999899+00:00
1759745757.235,121557.235,619510.9298962402,5806174.940366792,40.44,-0.07,0.02,-1.03,0.05,0.97,0.01,1,2025-10-06 10:15:57.234999895+00:00
1759745757.451,121557.451,619510.9298962402,5806174.940366792,40.44,-0.07,0.02,-1.03,0.05,0.97,0.01,1,2025-10-06 10:15:57.450999975+00:00
1759745757.655,121557.655,619510.9298962402,5806174.940366792,40.44,-0.07,0.02,-1.03,0.05,0.97,0.01,1,2025-10-06 10:15:57.654999971+00:00
1759745757.857,121557.857,619510.9298962402,5806174.940366792,40.44,-0.07,0.02,-1.03,0.05,0.97,0.01,1,2025-10-06 10:15:57.857000113+00:00
1759745758.06,121558.06,619510.9298962402,5806174.940366792,40.44,-0.07,0.02,-1.03,0.05,0.97,0.01,1,2025-10-06 10:15:58.059999943+00:00
1759745758.263,121558.263,619510.9298962402,5806174.940366792,40.44,-0.07,0.02,-1.03,0.05,0.97,0.01,1,2025-10-06 10:15:58.263000010+00:00
1759745758.465,121558.465,619510.9298962402,5806174.940366792,40.44,-0.07,0.02,-1.03,0.05,0.97,0.01,1,2025-10-06 10:15:58.464999914+00:00
1759745758.682,121558.682,619510.9298962402,5806174.940366792,40.44,-0.07,0.02,-1.03,0.05,0.97,0.01,1,2025-10-06 10:15:58.681999922+00:00
1759745758.883,121558.883,619510.9298962402,5806174.940366792,40.44,-0.07,0.02,-1.03,0.05,0.97,0.01,1,2025-10-06 10:15:58.882999897+00:00
1759745759.085,121559.085,619510.9298962402,5806174.940366792,40.44,-0.07,0.02,-1.03,0.05,0.97,0.01,1,2025-10-06 10:15:59.085000038+00:00
1759745759.288,121559.288,619510.9302495641,5806174.939146303,40.44,-0.07,0.02,-1.03,0.05,0.97,0.01,1,2025-10-06 10:15:59.288000107+00:00
1759745759.491,121559.491,619510.9305857248,5806174.938053283,40.44,-0.07,0.02,-1.03,0.05,0.97,0.01,1,2025-10-06 10:15:59.490999937+00:00
1759745759.694,121559.694,619510.9002132738,5806174.949268072,40.43,-0.07,0.02,-1.03,0.05,0.97,0.01,1,2025-10-06 10:15:59.694000006+00:00
1759745759.912,121559.912,619510.6999306135,5806174.9602444675,40.44,-0.07,0.02,-1.03,0.05,0.97,0.01,1,2025-10-06 10:15:59.911999941+00:00
1759745760.115,121600.115,619510.6202181969,5806174.9591644965,40.44,-0.04,0.01,-1.04,0.07,0.97,0.0,1,2025-10-06 10:16:00.115000010+00:00
1759745760.317,121600.317,619510.5200015231,5806174.949650939,40.44,-0.04,0.0,-1.04,0.06,0.97,0.0,1,2025-10-06 10:16:00.316999912+00:00
1759745760.519,121600.519,619510.3500000762,5806174.960087267,40.43,-0.05,-0.0,-1.05,0.06,0.97,-0.01,1,2025-10-06 10:16:00.519000052+00:00
1759745760.721,121600.721,619510.1300003047,5806174.950174533,40.42,-0.05,-0.0,-1.05,0.06,0.97,-0.01,1,2025-10-06 10:16:00.720999956+00:00
1759745760.937,121600.937,619509.9300003046,5806174.959825467,40.42,-0.05,-0.0,-1.05,0.06,0.97,-0.01,1,2025-10-06 10:16:00.937000036+00:00
1759745761.138,121601.138,619509.6700335803,5806174.958167815,40.42,-0.05,-0.0,-1.05,0.06,0.97,-0.01,1,2025-10-06 10:16:01.138000011+00:00
1759745761.339,121601.339,619509.5426442071,5806174.839021804,40.46,-0.02,0.05,-1.03,0.06,0.96,0.04,1,2025-10-06 10:16:01.338999987+00:00
1759745761.539,121601.539,619509.2809126412,5806174.779556549,40.47,-0.02,0.04,-1.03,0.06,0.97,0.04,1,2025-10-06 10:16:01.539000034+00:00
1759745761.539,121601.539,619509.3198952499,5806174.759965185,40.47,0.02,0.06,-1.03,0.08,0.96,0.06,1,2025-10-06 10:16:01.539000034+00:00
1759745761.757,121601.757,619509.2505467362,5806174.840845447,40.45,0.03,0.02,-1.04,0.09,0.97,0.03,1,2025-10-06 10:16:01.756999969+00:00
1759745761.96,121601.96,619509.1202714187,5806174.930562332,40.42,0.02,0.01,-1.04,0.06,0.97,0.01,1,2025-10-06 10:16:01.960000038+00:00
1759745762.163,121602.163,619508.9014921753,5806174.841050278,40.46,0.02,0.03,-1.04,0.05,0.97,0.03,1,2025-10-06 10:16:02.163000107+00:00
1759745762.367,121602.367,619508.809986841,5806174.841256545,40.45,0.06,-0.0,-1.05,0.08,0.97,0.0,1,2025-10-06 10:16:02.367000103+00:00
1759745762.57,121602.57,619508.8204034963,5806174.821470356,40.45,0.07,0.02,-1.05,0.08,0.97,0.02,1,2025-10-06 10:16:02.569999933+00:00
1759745762.775,121602.775,619508.5701184385,5806174.880611596,40.400000000000006,0.05,0.01,-1.05,0.06,0.97,0.01,1,2025-10-06 10:16:02.775000095+00:00
1759745762.977,121602.977,619508.3799359679,5806174.922529647,40.43,0.05,-0.0,-1.06,0.05,0.97,0.0,1,2025-10-06 10:16:02.976999998+00:00
1759745763.179,121603.179,619508.2099996954,5806174.850174532,40.449999999999996,0.05,-0.0,-1.06,0.05,0.97,0.0,1,2025-10-06 10:16:03.178999901+00:00
1759745763.396,121603.396,619507.78,5806174.87,40.43,0.05,-0.0,-1.06,0.05,0.97,0.0,1,2025-10-06 10:16:03.395999908+00:00
1759745763.598,121603.598,619507.4899828662,5806174.881308847,40.41,0.05,-0.0,-1.06,0.05,0.97,0.0,1,2025-10-06 10:16:03.598000050+00:00
1759745763.801,121603.801,619507.3599871305,5806174.861134367,40.43,0.05,-0.0,-1.06,0.05,0.97,0.0,1,2025-10-06 10:16:03.801000118+00:00
1759745764.003,121604.003,619507.2298574505,5806174.779162736,40.43,0.12,0.02,-1.05,0.06,0.97,0.02,1,2025-10-06 10:16:04.003000021+00:00
1759745764.205,121604.205,619507.0099294559,5806174.789581243,40.42,0.12,0.02,-1.05,0.06,0.97,0.02,1,2025-10-06 10:16:04.204999924+00:00
1759745764.409,121604.409,619506.8289795029,5806174.785030659,40.440000000000005,0.11,0.02,-1.05,0.03,0.98,0.03,1,2025-10-06 10:16:04.408999920+00:00
1759745764.626,121604.626,619506.6581414222,5806174.801619852,40.43,0.11,0.02,-1.05,-0.0,0.99,0.02,1,2025-10-06 10:16:04.625999928+00:00
1759745764.83,121604.83,619506.4164699308,5806174.792108952,40.43,0.1,0.04,-1.05,-0.03,0.98,0.03,1,2025-10-06 10:16:04.829999924+00:00
1759745765.031,121605.031,619506.278648764,5806174.810805694,40.43,0.1,0.01,-1.05,-0.06,0.97,0.01,1,2025-10-06 10:16:05.030999899+00:00
1759745765.231,121605.231,619506.0365952529,5806174.810384887,40.400000000000006,0.1,0.03,-1.05,-0.07,0.98,0.02,1,2025-10-06 10:16:05.230999947+00:00
1759745765.434,121605.434,619505.8674973003,5806174.833336361,40.42,0.09,0.03,-1.04,-0.08,0.97,0.02,1,2025-10-06 10:16:05.434000015+00:00
1759745765.651,121605.651,619505.6578972802,5806174.844899947,40.42,0.08,0.03,-1.04,-0.08,0.98,0.02,1,2025-10-06 10:16:05.651000023+00:00
1759745765.854,121605.854,619505.4997551093,5806174.888414461,40.43,0.07,0.01,-1.05,-0.06,0.97,0.01,1,2025-10-06 10:16:05.854000092+00:00
1759745766.056,121606.056,619505.3599991776,5806174.890314157,40.41,0.06,0.0,-1.06,-0.05,0.98,0.0,1,2025-10-06 10:16:06.055999994+00:00
1759745766.26,121606.26,619505.1194964309,5806174.848784361,40.41,0.05,0.02,-1.06,-0.01,1.0,0.02,1,2025-10-06 10:16:06.259999990+00:00
1759745766.463,121606.463,619504.9897377676,5806174.858537055,40.41,0.06,0.01,-1.06,0.02,0.99,0.01,1,2025-10-06 10:16:06.463000059+00:00
1759745766.665,121606.665,619504.7093090845,5806174.849100228,40.4,0.04,0.03,-1.06,-0.01,1.0,0.03,1,2025-10-06 10:16:06.664999962+00:00
1759745766.882,121606.882,619504.7092550943,5806174.849031668,40.4,0.04,0.03,-1.06,-0.01,1.0,0.03,1,2025-10-06 10:16:06.881999969+00:00
1759745767.085,121607.085,619504.4100348456,5806174.870069844,40.419999999999995,0.04,0.02,-1.06,-0.0,1.0,0.02,1,2025-10-06 10:16:07.085000038+00:00
1759745767.288,121607.288,619504.1402090273,5806174.840157627,40.43,0.03,0.04,-1.05,-0.01,1.0,0.04,1,2025-10-06 10:16:07.288000107+00:00
1759745767.489,121607.489,619504.0193629548,5806174.839168883,40.43,0.04,0.03,-1.05,0.0,1.0,0.02,1,2025-10-06 10:16:07.489000082+00:00
1759745767.692,121607.692,619503.7981680037,5806174.8482736135,40.42,0.03,0.03,-1.05,0.0,1.0,0.03,1,2025-10-06 10:16:07.691999912+00:00
1759745767.894,121607.894,619503.5570170797,5806174.839494945,40.44,0.01,0.05,-1.04,-0.02,1.0,0.05,1,2025-10-06 10:16:07.894000053+00:00
1759745768.098,121608.098,619503.509926906,5806174.868291662,40.43,0.02,0.0,-1.06,-0.06,0.97,0.0,1,2025-10-06 10:16:08.098000050+00:00
1759745768.315,121608.315,619503.1784546704,5806174.877856565,40.410000000000004,0.03,0.02,-1.05,-0.06,0.98,0.01,1,2025-10-06 10:16:08.315000057+00:00
1759745768.516,121608.516,619503.039590626,5806174.919606738,40.39,0.01,0.01,-1.06,-0.06,0.98,0.01,1,2025-10-06 10:16:08.516000032+00:00
1759745768.718,121608.718,619502.8306106654,5806174.9105754625,40.44,-0.01,-0.01,-1.06,-0.08,0.98,-0.01,1,2025-10-06 10:16:08.717999935+00:00
1759745768.921,121608.921,619502.7094738451,5806174.890555422,40.41,-0.01,0.01,-1.06,-0.07,0.98,0.01,1,2025-10-06 10:16:08.921000004+00:00
1759745769.123,121609.123,619502.4703370496,5806174.940326054,40.4,-0.01,-0.01,-1.07,-0.05,0.98,-0.01,1,2025-10-06 10:16:09.122999907+00:00
1759745769.341,121609.341,619502.3199306747,5806174.940139869,40.42,-0.02,0.01,-1.07,-0.06,0.98,0.01,1,2025-10-06 10:16:09.341000080+00:00
1759745769.544,121609.544,619502.07,5806174.91,40.41,-0.03,-0.0,-1.07,-0.06,0.97,-0.0,1,2025-10-06 10:16:09.543999910+00:00
1759745769.744,121609.744,619501.85,5806174.92,40.4,-0.04,0.01,-1.06,-0.06,0.98,0.01,1,2025-10-06 10:16:09.743999958+00:00
1759745769.744,121609.744,619501.8404237392,5806174.899304815,40.4,-0.05,0.03,-1.06,-0.01,1.0,0.03,1,2025-10-06 10:16:09.743999958+00:00
1759745769.947,121609.947,619501.5807927679,5806174.869063729,40.42,-0.06,0.05,-1.05,0.0,1.0,0.05,1,2025-10-06 10:16:09.947000027+00:00
1759745770.149,121610.149,619501.5816001444,5806174.868140026,40.42,-0.06,0.05,-1.05,0.01,1.0,0.05,1,2025-10-06 10:16:10.148999929+00:00
1759745770.366,121610.366,619501.2112909711,5806174.867820985,40.42,-0.07,0.04,-1.05,0.01,1.0,0.04,1,2025-10-06 10:16:10.365999937+00:00
1759745770.568,121610.568,619501.0415797373,5806174.827726215,40.42,-0.06,0.04,-1.05,0.01,1.0,0.04,1,2025-10-06 10:16:10.568000078+00:00
1759745770.77,121610.77,619500.9008119812,5806174.847711474,40.4,-0.06,0.02,-1.06,0.03,0.99,0.02,1,2025-10-06 10:16:10.769999981+00:00
1759745770.972,121610.972,619500.9108046104,5806174.848095351,40.410000000000004,-0.05,0.02,-1.05,0.04,0.99,0.02,1,2025-10-06 10:16:10.971999884+00:00
1759745771.174,121611.174,619500.5126855115,5806174.84685676,40.410000000000004,-0.05,0.04,-1.05,0.04,0.99,0.04,1,2025-10-06 10:16:11.174000025+00:00
1759745771.391,121611.391,619500.523412045,5806174.846856964,40.410000000000004,-0.04,0.04,-1.05,0.07,0.99,0.03,1,2025-10-06 10:16:11.391000032+00:00
1759745771.595,121611.595,619500.3533821851,5806174.789303508,40.46,-0.01,0.04,-1.04,0.08,0.98,0.03,1,2025-10-06 10:16:11.595000029+00:00
1759745771.796,121611.796,619500.1828854899,5806174.729387394,40.440000000000005,-0.01,0.04,-1.05,0.08,0.98,0.04,1,2025-10-06 10:16:11.796000004+00:00
1759745772.0,121612.0,619499.9800060918,5806174.7896510055,40.41,-0.01,-0.0,-1.06,0.06,0.99,-0.0,1,2025-10-06 10:16:12+00:00
1759745772.202,121612.202,619499.8612738131,5806174.809188802,40.42,-0.02,0.03,-1.05,0.04,0.99,0.02,1,2025-10-06 10:16:12.201999903+00:00
1759745772.404,121612.404,619499.6705590584,5806174.780592222,40.45,0.01,0.01,-1.05,0.04,0.99,0.01,1,2025-10-06 10:16:12.404000044+00:00
1759745772.62,121612.62,619499.5604169159,5806174.730282168,40.43,0.02,0.03,-1.05,0.05,0.99,0.03,1,2025-10-06 10:16:12.619999886+00:00
1759745772.823,121612.823,619499.2904188654,5806174.730002924,40.43,-0.0,0.03,-1.04,0.03,0.99,0.03,1,2025-10-06 10:16:12.822999954+00:00
1759745773.024,121613.024,619498.9224605936,5806174.709464123,40.44,-0.01,0.04,-1.04,0.01,1.0,0.04,1,2025-10-06 10:16:13.023999929+00:00
1759745773.227,121613.227,619498.9619852983,5806174.711569014,40.449999999999996,0.03,0.04,-1.03,0.06,0.99,0.04,1,2025-10-06 10:16:13.226999998+00:00
1759745773.429,121613.429,619498.8001041709,5806174.690209713,40.42,0.04,0.02,-1.04,0.05,0.99,0.02,1,2025-10-06 10:16:13.428999901+00:00
1759745773.647,121613.647,619498.6522172679,5806174.710620585,40.41,0.01,0.04,-1.03,0.01,1.0,0.04,1,2025-10-06 10:16:13.647000074+00:00
1759745773.851,121613.851,619498.4416434604,5806174.761163207,40.43,0.02,0.03,-1.03,0.04,0.99,0.03,1,2025-10-06 10:16:13.851000071+00:00
1759745774.054,121614.054,619498.2699850744,5806174.7012216095,40.440000000000005,0.05,-0.0,-1.05,0.06,0.99,0.0,1,2025-10-06 10:16:14.053999901+00:00
1759745774.257,121614.257,619498.2799999086,5806174.69989528,40.45,0.06,0.0,-1.04,0.07,0.99,0.01,1,2025-10-06 10:16:14.256999969+00:00
1759745774.457,121614.457,619497.9700000001,5806174.7,40.42,0.06,0.0,-1.05,0.03,0.99,0.01,1,2025-10-06 10:16:14.457000017+00:00
1759745774.66,121614.66,619497.91,5806174.73,40.44,0.05,-0.03,-1.06,0.01,1.0,-0.02,1,2025-10-06 10:16:14.660000086+00:00
1759745774.863,121614.863,619497.6598591564,5806174.659651424,40.46,0.05,0.02,-1.05,0.0,1.0,0.02,1,2025-10-06 10:16:14.862999916+00:00
1759745775.08,121615.08,619497.529683105,5806174.629478056,40.46,0.05,0.03,-1.05,-0.0,1.0,0.03,1,2025-10-06 10:16:15.079999924+00:00
1759745775.283,121615.283,619497.5098235654,5806174.700435565,40.42,0.05,-0.02,-1.07,0.01,1.0,-0.02,1,2025-10-06 10:16:15.282999992+00:00
1759745775.485,121615.485,619497.3100173619,5806174.680104735,40.449999999999996,0.06,0.01,-1.06,0.02,1.0,0.01,1,2025-10-06 10:16:15.484999895+00:00
1759745775.688,121615.688,619497.2100683504,5806174.670419119,40.47,0.06,0.01,-1.06,0.02,1.0,0.01,1,2025-10-06 10:16:15.687999964+00:00
1759745775.89,121615.89,619497.0499468179,5806174.61968598,40.47,0.06,0.01,-1.06,0.02,1.0,0.01,1,2025-10-06 10:16:15.890000105+00:00
1759745776.094,121616.094,619496.9401653857,5806174.591048667,40.47,0.06,0.01,-1.06,0.02,1.0,0.01,1,2025-10-06 10:16:16.094000101+00:00
1759745776.312,121616.312,619496.6306246187,5806174.632331858,40.46,0.07,0.02,-1.06,0.02,1.0,0.02,1,2025-10-06 10:16:16.312000036+00:00
1759745776.515,121616.515,619496.5203620321,5806174.610735259,40.48,0.06,0.03,-1.06,0.01,1.0,0.03,1,2025-10-06 10:16:16.515000105+00:00
1759745776.717,121616.717,619496.4202658526,5806174.572081039,40.489999999999995,0.07,0.01,-1.06,0.04,1.0,0.01,1,2025-10-06 10:16:16.717000008+00:00
1759745776.923,121616.923,619496.3810926676,5806174.563093137,40.47,0.08,0.03,-1.06,0.05,0.99,0.03,1,2025-10-06 10:16:16.923000097+00:00
1759745777.127,121617.127,619496.3304331554,5806174.601820135,40.449999999999996,0.08,0.02,-1.06,0.03,0.99,0.02,1,2025-10-06 10:16:17.127000093+00:00
1759745777.328,121617.328,619496.3406492561,5806174.592804143,40.48,0.08,0.02,-1.06,0.03,0.99,0.02,1,2025-10-06 10:16:17.328000069+00:00
1759745777.531,121617.531,619496.3807578945,5806174.562104436,40.48,0.08,0.03,-1.06,0.04,1.0,0.03,1,2025-10-06 10:16:17.530999899+00:00
1759745777.735,121617.735,619496.3909028476,5806174.592527664,40.47,0.08,0.03,-1.06,0.04,1.0,0.03,1,2025-10-06 10:16:17.734999895+00:00
1759745777.952,121617.952,619496.411186096,5806174.583376368,40.47,0.08,0.03,-1.06,0.04,1.0,0.03,1,2025-10-06 10:16:17.951999903+00:00
1759745777.952,121617.952,619496.4107578944,5806174.582104436,40.47,0.08,0.03,-1.06,0.04,1.0,0.03,1,2025-10-06 10:16:17.951999903+00:00
1759745778.154,121618.154,619496.4009506726,5806174.572668907,40.48,0.08,0.03,-1.06,0.04,1.0,0.03,1,2025-10-06 10:16:18.154000044+00:00
1759745778.355,121618.355,619496.4001559822,5806174.570419288,40.47,0.08,0.03,-1.06,0.04,1.0,0.03,1,2025-10-06 10:16:18.355000019+00:00
1759745778.557,121618.557,619496.4099475183,5806174.57986042,40.489999999999995,0.08,0.03,-1.06,0.04,1.0,0.03,1,2025-10-06 10:16:18.556999922+00:00
1759745778.758,121618.758,619496.4103605396,5806174.570979599,40.5,0.08,0.03,-1.06,0.04,1.0,0.03,1,2025-10-06 10:16:18.757999897+00:00
1759745778.977,121618.977,619496.4103612859,5806174.58085743,40.5,0.07,0.03,-1.06,0.03,1.0,0.03,1,2025-10-06 10:16:18.976999998+00:00
1759745779.18,121619.18,619496.3705516639,5806174.590981252,40.489999999999995,0.07,0.04,-1.06,0.01,1.0,0.03,1,2025-10-06 10:16:19.180000067+00:00
1759745779.381,121619.381,619496.3205506891,5806174.561120873,40.5,0.08,0.04,-1.06,0.02,1.0,0.03,1,2025-10-06 10:16:19.381000042+00:00
1759745779.584,121619.584,619496.22,5806174.54,40.5,0.08,0.03,-1.06,0.03,1.0,0.03,1,2025-10-06 10:16:19.584000111+00:00
1759745779.786,121619.786,619496.1490835417,5806174.576248734,40.5,0.09,0.02,-1.06,0.03,0.99,0.02,1,2025-10-06 10:16:19.786000013+00:00
1759745779.989,121619.989,619495.9884979965,5806174.566264788,40.489999999999995,0.08,0.03,-1.06,0.0,1.0,0.03,1,2025-10-06 10:16:19.989000082+00:00
1759745780.208,121620.208,619495.9098975669,5806174.606214483,40.51,0.07,-0.0,-1.06,-0.03,1.0,-0.0,1,2025-10-06 10:16:20.207999945+00:00
1759745780.41,121620.41,619495.7698540932,5806174.575482738,40.51,0.07,-0.0,-1.06,-0.03,1.0,-0.0,1,2025-10-06 10:16:20.410000086+00:00
1759745780.613,121620.613,619495.5893567788,5806174.556229116,40.510000000000005,0.07,0.01,-1.05,-0.05,0.99,0.01,1,2025-10-06 10:16:20.612999916+00:00
1759745780.815,121620.815,619495.4591409718,5806174.557206887,40.52,0.07,0.02,-1.05,-0.06,0.99,0.01,1,2025-10-06 10:16:20.815000057+00:00
1759745781.018,121621.018,619495.287945074,5806174.547632372,40.510000000000005,0.06,0.05,-1.05,-0.03,1.0,0.05,1,2025-10-06 10:16:21.017999887+00:00
1759745781.222,121621.222,619495.11757807,5806174.557229119,40.53,0.06,0.05,-1.04,-0.03,1.0,0.05,1,2025-10-06 10:16:21.221999884+00:00
1759745781.423,121621.423,619494.9069973821,5806174.547140646,40.53,0.06,0.06,-1.04,-0.03,0.99,0.05,1,2025-10-06 10:16:21.423000097+00:00
1759745781.642,121621.642,619494.8485006713,5806174.558194678,40.52,0.05,0.04,-1.04,-0.02,1.0,0.04,1,2025-10-06 10:16:21.641999960+00:00
1759745781.844,121621.844,619494.8399597036,5806174.557801377,40.5,0.06,0.0,-1.06,-0.03,0.99,0.0,1,2025-10-06 10:16:21.844000101+00:00
1759745782.047,121622.047,619494.6488603923,5806174.5478215255,40.510000000000005,0.06,0.03,-1.05,-0.02,1.0,0.02,1,2025-10-06 10:16:22.046999931+00:00
1759745782.251,121622.251,619494.6099561416,5806174.607906218,40.519999999999996,0.05,0.0,-1.06,-0.03,1.0,0.0,1,2025-10-06 10:16:22.250999927+00:00
1759745782.454,121622.454,619494.5999588228,5806174.60818548,40.519999999999996,0.04,-0.0,-1.06,-0.04,1.0,-0.0,1,2025-10-06 10:16:22.453999996+00:00
1759745782.657,121622.657,619494.4599897044,5806174.619092506,40.54,0.04,-0.0,-1.06,-0.04,1.0,-0.0,1,2025-10-06 10:16:22.657000065+00:00
1759745782.858,121622.858,619494.2592715514,5806174.558267209,40.540000000000006,0.05,0.02,-1.05,-0.0,1.0,0.02,1,2025-10-06 10:16:22.858000040+00:00
1759745783.077,121623.077,619494.0691186284,5806174.547923761,40.540000000000006,0.05,0.02,-1.05,-0.0,1.0,0.02,1,2025-10-06 10:16:23.076999903+00:00
1759745783.278,121623.278,619493.648289887,5806174.558360061,40.52,0.04,0.04,-1.04,-0.02,1.0,0.04,1,2025-10-06 10:16:23.278000116+00:00
1759745783.48,121623.48,619493.4877783143,5806174.567895381,40.54,0.04,0.04,-1.04,-0.01,1.0,0.04,1,2025-10-06 10:16:23.480000019+00:00
1759745783.681,121623.681,619493.4878098677,5806174.57728282,40.54,0.04,0.03,-1.04,-0.01,1.0,0.03,1,2025-10-06 10:16:23.680999994+00:00
1759745783.883,121623.883,619493.1782986588,5806174.588778817,40.52,0.03,0.04,-1.04,-0.02,1.0,0.04,1,2025-10-06 10:16:23.882999897+00:00
1759745784.102,121624.102,619493.0499641842,5806174.608534507,40.53,0.03,0.0,-1.04,-0.05,0.99,0.0,1,2025-10-06 10:16:24.101999998+00:00
1759745784.303,121624.303,619492.9285702226,5806174.578005855,40.53,0.03,0.02,-1.05,-0.01,1.0,0.02,1,2025-10-06 10:16:24.302999973+00:00
1759745784.508,121624.508,619492.6188262532,5806174.638870479,40.52,0.03,0.03,-1.05,-0.01,1.0,0.02,1,2025-10-06 10:16:24.507999897+00:00
1759745784.711,121624.711,619492.3699758318,5806174.608796046,40.550000000000004,0.03,-0.0,-1.05,-0.03,0.99,-0.0,1,2025-10-06 10:16:24.710999966+00:00
1759745784.912,121624.912,619492.2079853542,5806174.519638963,40.540000000000006,0.01,0.05,-1.05,-0.03,0.99,0.04,1,2025-10-06 10:16:24.911999941+00:00
1759745785.116,121625.116,619492.1288805405,5806174.548920837,40.52,0.03,0.03,-1.05,-0.01,1.0,0.03,1,2025-10-06 10:16:25.115999937+00:00
1759745785.333,121625.333,619492.1299922783,5806174.57931938,40.51,0.03,-0.0,-1.06,-0.03,1.0,-0.0,1,2025-10-06 10:16:25.332999945+00:00
1759745785.536,121625.536,619491.9196847499,5806174.599792209,40.52,0.02,0.03,-1.05,-0.02,1.0,0.03,1,2025-10-06 10:16:25.536000013+00:00
1759745785.742,121625.742,619491.68968462,5806174.519845394,40.57,0.01,0.02,-1.06,-0.01,1.0,0.02,1,2025-10-06 10:16:25.742000103+00:00
1759745785.943,121625.943,619491.4797168848,5806174.519724683,40.54,0.01,0.01,-1.06,-0.01,1.0,0.01,1,2025-10-06 10:16:25.943000078+00:00
1759745786.143,121626.143,619491.3787261869,5806174.569188802,40.51,0.02,0.03,-1.06,0.0,1.0,0.03,1,2025-10-06 10:16:26.142999887+00:00
1759745786.143,121626.143,619491.3799956137,5806174.599581151,40.5,0.02,-0.0,-1.07,0.02,1.0,-0.0,1,2025-10-06 10:16:26.142999887+00:00
1759745786.343,121626.343,619491.2699999391,5806174.6499650935,40.5,0.01,0.0,-1.07,-0.02,1.0,0.0,1,2025-10-06 10:16:26.342999935+00:00
1759745786.561,121626.561,619491.11,5806174.59,40.55,0.0,-0.0,-1.07,-0.02,1.0,-0.0,1,2025-10-06 10:16:26.561000109+00:00
1759745786.763,121626.763,619490.9507945797,5806174.569582569,40.54,0.01,-0.02,-1.08,0.01,1.0,-0.02,1,2025-10-06 10:16:26.763000011+00:00
1759745786.968,121626.968,619490.7899956137,5806174.579581152,40.52,0.02,0.0,-1.08,0.02,1.0,0.0,1,2025-10-06 10:16:26.967999935+00:00
1759745787.172,121627.172,619490.5795789583,5806174.629794963,40.5,0.01,0.02,-1.07,-0.0,1.0,0.02,1,2025-10-06 10:16:27.171999931+00:00
1759745787.376,121627.376,619490.298603918,5806174.600019495,40.51,-0.0,0.05,-1.06,-0.01,1.0,0.04,1,2025-10-06 10:16:27.375999928+00:00
1759745787.578,121627.578,619489.9785863414,5806174.550011103,40.52,0.0,0.09,-1.04,0.01,1.0,0.08,1,2025-10-06 10:16:27.578000069+00:00
1759745787.781,121627.781,619489.7692146118,5806174.500003426,40.53,-0.0,0.09,-1.03,0.0,1.0,0.09,1,2025-10-06 10:16:27.780999899+00:00
1759745787.983,121627.983,619489.6297206869,5806174.439965581,40.52,0.01,0.08,-1.05,0.02,1.0,0.08,1,2025-10-06 10:16:27.983000040+00:00
1759745788.2,121628.2,619489.7289943489,5806174.44935339,40.510000000000005,0.02,0.03,-1.08,0.01,1.0,0.03,1,2025-10-06 10:16:28.200000048+00:00
1759745788.401,121628.401,619489.8831944313,5806174.659132916,40.47,0.02,-0.08,-1.09,0.03,1.0,-0.07,1,2025-10-06 10:16:28.401000023+00:00
1759745788.603,121628.603,619489.6495110681,5806174.700068107,40.48,0.01,-0.07,-1.09,0.01,1.0,-0.06,1,2025-10-06 10:16:28.602999926+00:00
1759745788.805,121628.805,619489.42,5806174.61,40.489999999999995,0.01,-0.03,-1.09,0.01,1.0,-0.03,1,2025-10-06 10:16:28.805000067+00:00
1759745789.008,121629.008,619489.291506029,5806174.6284350045,40.43,0.04,-0.04,-1.1,0.04,1.0,-0.03,1,2025-10-06 10:16:29.007999897+00:00
1759745789.225,121629.225,619488.989975633,5806174.61860402,40.44,0.04,-0.0,-1.1,0.04,1.0,-0.0,1,2025-10-06 10:16:29.224999905+00:00
1759745789.428,121629.428,619488.8501737692,5806174.659824708,40.46,0.02,-0.02,-1.1,0.0,1.0,-0.02,1,2025-10-06 10:16:29.427999973+00:00
1759745789.631,121629.631,619488.6604144621,5806174.629576766,40.48,0.02,-0.02,-1.1,0.01,1.0,-0.02,1,2025-10-06 10:16:29.631000042+00:00
1759745789.832,121629.832,619488.4593580324,5806174.597714021,40.449999999999996,0.04,0.01,-1.1,0.02,1.0,0.01,1,2025-10-06 10:16:29.832000017+00:00
1759745790.034,121630.034,619488.2899880596,5806174.649022713,40.43,0.04,0.0,-1.1,0.02,1.0,0.0,1,2025-10-06 10:16:30.033999920+00:00
1759745790.253,121630.253,619487.989860252,5806174.6099304315,40.449999999999996,0.02,0.04,-1.1,-0.02,1.0,0.03,1,2025-10-06 10:16:30.253000021+00:00
1759745790.455,121630.455,619487.7993667726,5806174.569376642,40.47,0.04,0.04,-1.09,0.01,1.0,0.04,1,2025-10-06 10:16:30.454999924+00:00
1759745790.66,121630.66,619487.5782245665,5806174.538285484,40.449999999999996,0.05,0.05,-1.09,0.02,1.0,0.05,1,2025-10-06 10:16:30.660000086+00:00
1759745790.861,121630.861,619487.3583052075,5806174.568627311,40.42,0.05,0.06,-1.08,0.02,1.0,0.06,1,2025-10-06 10:16:30.861000061+00:00
1759745791.063,121631.063,619487.1896852939,5806174.579791384,40.440000000000005,0.04,0.06,-1.08,0.0,0.99,0.05,1,2025-10-06 10:16:31.062999964+00:00
1759745791.264,121631.264,619486.998025991,5806174.54863121,40.46,0.05,0.07,-1.06,0.01,0.99,0.07,1,2025-10-06 10:16:31.263999939+00:00
1759745791.483,121631.483,619486.8076516483,5806174.538380726,40.46,0.05,0.07,-1.05,0.03,1.0,0.07,1,2025-10-06 10:16:31.483000040+00:00
1759745791.684,121631.684,619486.5557049132,5806174.527744588,40.449999999999996,0.05,0.09,-1.03,0.01,1.0,0.09,1,2025-10-06 10:16:31.684000015+00:00
1759745791.888,121631.888,619486.3384255673,5806174.499541117,40.48,0.03,0.1,-1.03,-0.0,0.99,0.09,1,2025-10-06 10:16:31.888000011+00:00
1759745792.09,121632.09,619486.408354448,5806174.498025634,40.449999999999996,0.05,0.04,-1.06,-0.01,0.99,0.04,1,2025-10-06 10:16:32.089999914+00:00
1759745792.293,121632.293,619486.348159473,5806174.515150942,40.43,0.06,0.02,-1.07,0.02,1.0,0.02,1,2025-10-06 10:16:32.292999983+00:00
1759745792.494,121632.494,619486.2792734312,5806174.586880206,40.43,0.05,0.01,-1.07,0.02,1.0,0.01,1,2025-10-06 10:16:32.493999958+00:00
1759745792.712,121632.712,619486.3718047846,5806174.667429181,40.45,0.04,-0.03,-1.08,-0.06,0.99,-0.03,1,2025-10-06 10:16:32.711999893+00:00
1759745792.912,121632.912,619486.0310230431,5806174.61780758,40.47,0.04,-0.02,-1.07,-0.06,0.99,-0.02,1,2025-10-06 10:16:32.911999941+00:00
1759745793.114,121633.114,619486.0399220382,5806174.597208925,40.47,0.05,-0.0,-1.07,-0.03,1.0,-0.0,1,2025-10-06 10:16:33.114000082+00:00
1759745793.315,121633.315,619485.9615966834,5806174.617162148,40.45,0.05,-0.03,-1.08,0.01,1.0,-0.03,1,2025-10-06 10:16:33.315000057+00:00
1759745793.518,121633.518,619485.6799376305,5806174.61776714,40.45,0.04,-0.0,-1.08,-0.03,1.0,-0.0,1,2025-10-06 10:16:33.517999887+00:00
1759745793.736,121633.736,619485.669953223,5806174.6183253545,40.45,0.03,0.0,-1.08,-0.02,1.0,0.0,1,2025-10-06 10:16:33.736000061+00:00
1759745793.941,121633.941,619485.4599471949,5806174.588220809,40.46,0.03,0.0,-1.08,-0.02,1.0,0.0,1,2025-10-06 10:16:33.940999985+00:00
1759745794.146,121634.146,619485.459940802,5806174.588116284,40.46,0.03,0.0,-1.08,-0.02,1.0,0.0,1,2025-10-06 10:16:34.145999908+00:00
1759745794.347,121634.347,619485.3799305283,5806174.6079595415,40.46,0.03,0.0,-1.08,-0.02,1.0,0.0,1,2025-10-06 10:16:34.346999884+00:00
1759745794.347,121634.347,619485.3805827916,5806174.618043187,40.47,0.03,-0.01,-1.07,-0.03,1.0,-0.01,1,2025-10-06 10:16:34.346999884+00:00
1759745794.55,121634.55,619485.2398991216,5806174.607541845,40.47,0.03,-0.0,-1.08,-0.03,1.0,-0.0,1,2025-10-06 10:16:34.549999952+00:00
1759745794.751,121634.751,619485.199915554,5806174.627750638,40.47,0.03,-0.0,-1.08,-0.03,1.0,-0.0,1,2025-10-06 10:16:34.750999928+00:00
1759745794.953,121634.953,619485.1099532229,5806174.638325354,40.49,0.03,-0.0,-1.07,-0.03,1.0,-0.0,1,2025-10-06 10:16:34.953000069+00:00
1759745795.169,121635.169,619484.9699115825,5806174.597698429,40.52,0.03,0.0,-1.07,-0.04,0.99,0.0,1,2025-10-06 10:16:35.168999910+00:00
1759745795.371,121635.371,619484.7899115826,5806174.597698429,40.51,0.03,0.0,-1.07,-0.03,1.0,0.0,1,2025-10-06 10:16:35.371000051+00:00
1759745795.573,121635.573,619484.6199232235,5806174.617855077,40.51,0.03,0.0,-1.07,-0.03,1.0,0.0,1,2025-10-06 10:16:35.572999954+00:00
1759745795.776,121635.776,619484.3892537162,5806174.62862923,40.51,0.02,0.01,-1.07,-0.05,0.99,0.01,1,2025-10-06 10:16:35.776000023+00:00
1759745795.979,121635.979,619484.2399838879,5806174.669197364,40.5,0.02,0.0,-1.07,-0.04,1.0,0.0,1,2025-10-06 10:16:35.979000092+00:00
1759745796.194,121636.194,619484.0586288162,5806174.619577253,40.519999999999996,0.01,0.03,-1.06,-0.02,1.0,0.03,1,2025-10-06 10:16:36.194000006+00:00
1759745796.395,121636.395,619483.9087047242,5806174.628783655,40.53,0.02,0.02,-1.06,0.0,1.0,0.02,1,2025-10-06 10:16:36.394999981+00:00
1759745796.6,121636.6,619483.7286305514,5806174.648718492,40.519999999999996,0.02,0.02,-1.06,0.0,1.0,0.02,1,2025-10-06 10:16:36.599999905+00:00
1759745796.803,121636.803,619483.4981046407,5806174.63957334,40.51,0.01,0.04,-1.06,-0.02,1.0,0.04,1,2025-10-06 10:16:36.802999973+00:00
1759745797.006,121637.006,619483.4299978069,5806174.679790575,40.53,0.01,-0.0,-1.06,-0.03,1.0,-0.0,1,2025-10-06 10:16:37.006000042+00:00
1759745797.222,121637.222,619483.1592640496,5806174.629764633,40.540000000000006,0.01,0.03,-1.05,0.0,1.0,0.03,1,2025-10-06 10:16:37.221999884+00:00
1759745797.424,121637.424,619482.9989943489,5806174.63935339,40.52,0.02,0.03,-1.05,0.03,1.0,0.03,1,2025-10-06 10:16:37.424000025+00:00
1759745797.626,121637.626,619482.9199969539,5806174.689650952,40.51,0.02,-0.0,-1.06,0.02,1.0,-0.0,1,2025-10-06 10:16:37.625999928+00:00
1759745797.829,121637.829,619482.6292640496,5806174.679764633,40.52,0.01,0.03,-1.05,0.01,1.0,0.03,1,2025-10-06 10:16:37.828999996+00:00
1759745798.031,121638.031,619482.5198404595,5806174.679687087,40.53,0.02,0.01,-1.05,0.03,1.0,0.01,1,2025-10-06 10:16:38.030999899+00:00
1759745798.235,121638.235,619482.2696463828,5806174.649479474,40.52,0.03,0.02,-1.05,0.03,1.0,0.02,1,2025-10-06 10:16:38.234999895+00:00
1759745798.452,121638.452,619482.0492973346,5806174.61948252,40.5,0.03,0.04,-1.05,0.04,1.0,0.04,1,2025-10-06 10:16:38.451999903+00:00
1759745798.654,121638.654,619481.9192837349,5806174.658965198,40.5,0.03,0.02,-1.05,0.04,1.0,0.02,1,2025-10-06 10:16:38.654000044+00:00
1759745798.855,121638.855,619481.9191228106,5806174.6294840425,40.51,0.03,0.05,-1.04,0.02,1.0,0.04,1,2025-10-06 10:16:38.855000019+00:00
1759745799.059,121639.059,619481.6794703356,5806174.669306473,40.550000000000004,0.04,0.03,-1.04,0.03,1.0,0.03,1,2025-10-06 10:16:39.059000015+00:00
1759745799.26,121639.26,619481.3197195311,5806174.629651912,40.52,0.05,0.04,-1.04,0.03,1.0,0.04,1,2025-10-06 10:16:39.259999990+00:00
1759745799.463,121639.463,619481.329789739,5806174.62968639,40.53,0.06,0.04,-1.03,0.04,1.0,0.04,1,2025-10-06 10:16:39.463000059+00:00
1759745799.68,121639.68,619481.1187869419,5806174.648237632,40.51,0.06,0.04,-1.03,0.05,1.0,0.05,1,2025-10-06 10:16:39.680000067+00:00
1759745799.881,121639.881,619480.8992960424,5806174.669167142,40.49,0.06,0.05,-1.03,0.02,1.0,0.05,1,2025-10-06 10:16:39.881000042+00:00
1759745800.083,121640.083,619480.7394971817,5806174.676956161,40.49,0.07,0.01,-1.05,0.03,1.0,0.01,1,2025-10-06 10:16:40.082999945+00:00
1759745800.287,121640.287,619480.4485670503,5806174.6468554735,40.45,0.07,0.03,-1.04,0.03,1.0,0.03,1,2025-10-06 10:16:40.286999941+00:00
1759745800.488,121640.488,619480.2991350589,5806174.668057182,40.480000000000004,0.07,0.03,-1.04,0.01,1.0,0.03,1,2025-10-06 10:16:40.487999916+00:00
1759745800.694,121640.694,619480.1179781555,5806174.635663861,40.49,0.07,0.03,-1.04,0.01,1.0,0.03,1,2025-10-06 10:16:40.694000006+00:00
1759745800.912,121640.912,619479.8166659866,5806174.633213177,40.48,0.09,0.04,-1.03,0.04,1.0,0.04,1,2025-10-06 10:16:40.911999941+00:00
1759745801.113,121641.113,619479.5897347477,5806174.6830952875,40.45,0.09,0.0,-1.05,0.03,1.0,0.0,1,2025-10-06 10:16:41.112999916+00:00
1759745801.313,121641.313,619479.4279144079,5806174.66223209,40.46,0.09,0.02,-1.04,-0.01,1.0,0.02,1,2025-10-06 10:16:41.312999964+00:00
1759745801.515,121641.515,619479.2773996138,5806174.673815752,40.46,0.08,0.03,-1.04,-0.01,1.0,0.03,1,2025-10-06 10:16:41.515000105+00:00
1759745801.719,121641.719,619479.0998224056,5806174.744348853,40.45,0.09,-0.0,-1.04,-0.03,1.0,-0.01,1,2025-10-06 10:16:41.719000101+00:00
1759745801.935,121641.935,619478.928079995,5806174.695308296,40.45,0.08,0.03,-1.05,-0.02,1.0,0.02,1,2025-10-06 10:16:41.934999943+00:00
1759745802.137,121642.137,619478.7584986395,5806174.694742058,40.46,0.08,0.02,-1.04,-0.01,1.0,0.02,1,2025-10-06 10:16:42.137000084+00:00
1759745802.34,121642.34,619478.6081061206,5806174.682846519,40.49,0.09,0.02,-1.04,-0.0,1.0,0.02,1,2025-10-06 10:16:42.339999914+00:00
1759745802.542,121642.542,619478.4680108004,5806174.692539137,40.46,0.09,0.02,-1.05,-0.0,1.0,0.02,1,2025-10-06 10:16:42.542000055+00:00
1759745802.542,121642.542,619478.4682470874,5806174.693308212,40.46,0.09,0.02,-1.05,-0.0,1.0,0.02,1,2025-10-06 10:16:42.542000055+00:00
1759745802.744,121642.744,619478.2881061205,5806174.70284652,40.45,0.09,0.02,-1.05,-0.01,1.0,0.02,1,2025-10-06 10:16:42.743999958+00:00
1759745802.961,121642.961,619478.1696152228,5806174.711686647,40.470000000000006,0.09,-0.0,-1.05,-0.02,1.0,-0.0,1,2025-10-06 10:16:42.960999966+00:00
1759745803.163,121643.163,619477.958293539,5806174.723462272,40.46,0.09,0.02,-1.05,-0.01,1.0,0.02,1,2025-10-06 10:16:43.163000107+00:00
1759745803.365,121643.365,619477.7683203942,5806174.764194654,40.45,0.08,0.02,-1.05,-0.01,1.0,0.02,1,2025-10-06 10:16:43.365000010+00:00
1759745803.567,121643.567,619477.6183472495,5806174.744927037,40.480000000000004,0.07,0.02,-1.04,-0.01,1.0,0.02,1,2025-10-06 10:16:43.566999912+00:00
1759745803.77,121643.77,619477.4489579598,5806174.675782622,40.510000000000005,0.09,0.02,-1.05,-0.0,1.0,0.02,1,2025-10-06 10:16:43.769999981+00:00
1759745803.973,121643.973,619477.449746662,5806174.693251914,40.510000000000005,0.09,-0.0,-1.05,0.02,1.0,-0.0,1,2025-10-06 10:16:43.973000050+00:00
1759745804.19,121644.19,619477.3077147808,5806174.702424416,40.470000000000006,0.08,0.02,-1.05,-0.0,1.0,0.02,1,2025-10-06 10:16:44.190000057+00:00
1759745804.392,121644.392,619477.1296579759,5806174.782610353,40.45,0.08,-0.0,-1.05,-0.02,1.0,-0.0,1,2025-10-06 10:16:44.391999960+00:00
1759745804.593,121644.593,619476.957666534,5806174.77228882,40.480000000000004,0.08,0.02,-1.05,-0.01,1.0,0.02,1,2025-10-06 10:16:44.592999935+00:00
1759745804.798,121644.798,619476.7263591135,5806174.731668736,40.51,0.08,0.03,-1.04,-0.0,1.0,0.03,1,2025-10-06 10:16:44.798000097+00:00
1759745805.0,121645.0,619476.3371710782,5806174.810937572,40.49,0.08,0.02,-1.04,-0.0,1.0,0.02,1,2025-10-06 10:16:45+00:00
1759745805.217,121645.217,619476.0446875404,5806174.831880127,40.51,0.07,0.04,-1.03,-0.01,1.0,0.04,1,2025-10-06 10:16:45.217000008+00:00
1759745805.42,121645.42,619475.9370902772,5806174.851735274,40.5,0.07,0.02,-1.04,-0.01,1.0,0.02,1,2025-10-06 10:16:45.420000076+00:00
1759745805.622,121645.622,619475.8717870667,5806174.870529754,40.480000000000004,0.08,-0.02,-1.05,0.01,1.0,-0.02,1,2025-10-06 10:16:45.621999979+00:00
1759745805.824,121645.824,619475.869453652,5806174.850666341,40.480000000000004,0.08,-0.0,-1.05,0.03,1.0,-0.0,1,2025-10-06 10:16:45.823999882+00:00
1759745806.025,121646.025,619475.4689931045,5806174.927347355,40.449999999999996,0.08,-0.0,-1.06,0.02,1.0,-0.0,1,2025-10-06 10:16:46.025000095+00:00
1759745806.229,121646.229,619475.44935634,5806174.931235019,40.449999999999996,0.06,0.0,-1.06,-0.03,1.0,-0.0,1,2025-10-06 10:16:46.229000092+00:00
1759745806.448,121646.448,619475.2369663053,5806174.92039953,40.489999999999995,0.08,0.02,-1.06,-0.01,1.0,0.02,1,2025-10-06 10:16:46.447999954+00:00
1759745806.651,121646.651,619475.0579998537,5806174.888645241,40.47,0.09,0.01,-1.07,0.02,1.0,0.01,1,2025-10-06 10:16:46.651000023+00:00
1759745806.852,121646.852,619474.896170197,5806174.877217426,40.47,0.09,0.02,-1.07,0.02,1.0,0.02,1,2025-10-06 10:16:46.851999998+00:00
1759745807.054,121647.054,619474.6862841045,5806174.927518416,40.45,0.09,0.02,-1.08,-0.0,1.0,0.02,1,2025-10-06 10:16:47.053999901+00:00
1759745807.256,121647.256,619474.5955160027,5806174.944269156,40.47,0.1,0.02,-1.08,-0.01,1.0,0.02,1,2025-10-06 10:16:47.256000041+00:00
1759745807.458,121647.458,619474.3986285602,5806174.973495239,40.46,0.1,-0.0,-1.08,-0.03,1.0,-0.01,1,2025-10-06 10:16:47.457999945+00:00
1759745807.675,121647.675,619474.2586285602,5806174.983495239,40.449999999999996,0.1,0.0,-1.09,-0.03,1.0,-0.0,1,2025-10-06 10:16:47.674999952+00:00
1759745807.878,121647.878,619473.9087136266,5806175.024011881,40.44,0.1,-0.0,-1.09,-0.02,1.0,-0.0,1,2025-10-06 10:16:47.878000021+00:00
1759745808.079,121648.079,619473.9085996038,5806175.023323125,40.44,0.1,-0.0,-1.09,-0.03,1.0,-0.0,1,2025-10-06 10:16:48.078999996+00:00
1759745808.28,121648.28,619473.6982612796,5806175.081433338,40.449999999999996,0.1,-0.0,-1.09,-0.03,1.0,-0.0,1,2025-10-06 10:16:48.279999971+00:00
1759745808.484,121648.484,619473.5380614658,5806175.070405385,40.47,0.1,-0.0,-1.1,-0.02,1.0,-0.0,1,2025-10-06 10:16:48.483999968+00:00
1759745808.701,121648.701,619473.1381292664,5806175.150747803,40.44,0.1,0.0,-1.09,-0.04,1.0,-0.0,1,2025-10-06 10:16:48.700999975+00:00
1759745808.905,121648.905,619473.0185776048,5806175.194062374,40.459999999999994,0.09,0.0,-1.09,-0.05,1.0,-0.0,1,2025-10-06 10:16:48.904999971+00:00
1759745809.107,121649.107,619472.7767162409,5806175.163917563,40.48,0.09,0.01,-1.09,-0.05,0.99,0.01,1,2025-10-06 10:16:49.107000113+00:00
1759745809.309,121649.309,619472.6500036909,5806175.170036977,40.47,0.1,-0.01,-1.09,-0.03,0.99,-0.01,1,2025-10-06 10:16:49.309000015+00:00
1759745809.511,121649.511,619472.4680271174,5806175.2202342665,40.449999999999996,0.1,0.0,-1.09,-0.04,0.99,-0.0,1,2025-10-06 10:16:49.510999918+00:00
1759745809.713,121649.713,619472.1362040468,5806175.260934877,40.459999999999994,0.1,0.01,-1.09,-0.04,0.99,0.0,1,2025-10-06 10:16:49.713000059+00:00
1759745809.931,121649.931,619472.1260531045,5806175.261806682,40.449999999999996,0.09,0.01,-1.1,-0.04,0.99,0.0,1,2025-10-06 10:16:49.930999994+00:00
1759745810.133,121650.133,619471.9161509932,5806175.282107234,40.449999999999996,0.09,0.01,-1.1,-0.04,0.99,0.0,1,2025-10-06 10:16:50.132999897+00:00
1759745810.337,121650.337,619471.5564383565,5806175.363010918,40.44,0.09,0.01,-1.1,-0.04,0.99,0.0,1,2025-10-06 10:16:50.336999893+00:00
1759745810.539,121650.539,619471.3565781935,5806175.384785316,40.459999999999994,0.08,0.01,-1.09,-0.05,0.99,0.01,1,2025-10-06 10:16:50.539000034+00:00
1759745810.741,121650.741,619471.1963911201,5806175.422860096,40.43,0.09,0.01,-1.09,-0.05,0.99,0.0,1,2025-10-06 10:16:50.740999937+00:00
1759745810.741,121650.741,619471.1958541825,5806175.421206609,40.43,0.09,0.01,-1.09,-0.05,0.99,0.0,1,2025-10-06 10:16:50.740999937+00:00
1759745810.944,121650.944,619471.0264383565,5806175.483010918,40.43,0.09,0.01,-1.09,-0.05,0.99,0.0,1,2025-10-06 10:16:50.944000006+00:00
1759745811.159,121651.159,619471.0071615552,5806175.487879297,40.43,0.07,0.01,-1.09,-0.05,0.99,0.01,1,2025-10-06 10:16:51.158999920+00:00
1759745811.363,121651.363,619470.8171228452,5806175.527762112,40.44,0.07,0.01,-1.09,-0.04,0.99,0.0,1,2025-10-06 10:16:51.362999916+00:00
1759745811.565,121651.565,619470.6335811503,5806175.5180782,40.44,0.07,0.03,-1.09,-0.02,0.99,0.03,1,2025-10-06 10:16:51.565000057+00:00
1759745811.766,121651.766,619470.4635811504,5806175.5380782,40.43,0.07,0.03,-1.09,-0.02,0.99,0.03,1,2025-10-06 10:16:51.766000032+00:00
1759745811.969,121651.969,619470.1140875268,5806175.600319533,40.43,0.06,0.03,-1.1,-0.01,0.99,0.03,1,2025-10-06 10:16:51.969000101+00:00
1759745812.173,121652.173,619470.1143632284,5806175.600698099,40.43,0.06,0.03,-1.1,-0.01,0.99,0.03,1,2025-10-06 10:16:52.173000097+00:00
1759745812.39,121652.39,619469.9635282287,5806175.599568221,40.44,0.06,0.03,-1.09,-0.01,1.0,0.03,1,2025-10-06 10:16:52.390000105+00:00
1759745812.592,121652.592,619469.6635282286,5806175.669568221,40.43,0.06,0.03,-1.09,-0.01,1.0,0.03,1,2025-10-06 10:16:52.592000008+00:00
1759745812.796,121652.796,619469.5135987139,5806175.679661707,40.44,0.06,0.03,-1.09,-0.02,0.99,0.03,1,2025-10-06 10:16:52.796000004+00:00
1759745812.998,121652.998,619469.3935987139,5806175.689661708,40.44,0.06,0.03,-1.09,-0.02,0.99,0.03,1,2025-10-06 10:16:52.997999907+00:00
1759745813.2,121653.2,619469.2443632283,5806175.720698099,40.43,0.06,0.03,-1.09,-0.02,0.99,0.03,1,2025-10-06 10:16:53.200000048+00:00
1759745813.404,121653.404,619469.2349517586,5806175.722860541,40.43,0.05,0.03,-1.09,-0.01,0.99,0.03,1,2025-10-06 10:16:53.404000044+00:00
1759745813.619,121653.619,619469.1650165109,5806175.722939054,40.44,0.05,0.03,-1.09,-0.01,0.99,0.03,1,2025-10-06 10:16:53.618999958+00:00
1759745813.823,121653.823,619468.9445000864,5806175.740888102,40.419999999999995,0.06,0.03,-1.09,0.0,1.0,0.03,1,2025-10-06 10:16:53.822999954+00:00
1759745814.026,121654.026,619468.7847041278,5806175.791173998,40.43,0.06,0.03,-1.08,0.01,1.0,0.03,1,2025-10-06 10:16:54.026000023+00:00
1759745814.227,121654.227,619468.6152408911,5806175.8119415715,40.45,0.06,0.03,-1.08,0.01,1.0,0.03,1,2025-10-06 10:16:54.226999998+00:00
1759745814.429,121654.429,619468.4342656439,5806175.802510634,40.47,0.06,0.04,-1.06,0.01,0.99,0.04,1,2025-10-06 10:16:54.428999901+00:00
1759745814.645,121654.645,619468.295688032,5806175.811463232,40.47,0.07,0.03,-1.06,0.03,0.98,0.03,1,2025-10-06 10:16:54.644999981+00:00
1759745814.847,121654.847,619468.1451435718,5806175.830549841,40.46,0.07,0.03,-1.06,0.03,0.98,0.03,1,2025-10-06 10:16:54.846999884+00:00
1759745815.049,121655.049,619467.9155531134,5806175.901234174,40.46,0.07,0.03,-1.06,0.03,0.98,0.03,1,2025-10-06 10:16:55.049000025+00:00
1759745815.253,121655.253,619467.7666742974,5806175.93319595,40.489999999999995,0.07,0.03,-1.06,0.03,0.98,0.03,1,2025-10-06 10:16:55.253000021+00:00
1759745815.457,121655.457,619467.6072441649,5806175.874247765,40.519999999999996,0.07,0.03,-1.06,0.03,0.98,0.03,1,2025-10-06 10:16:55.457000017+00:00
1759745815.659,121655.659,619467.5204398145,5806175.848254331,40.51,0.11,-0.01,-1.06,0.06,0.99,-0.0,1,2025-10-06 10:16:55.658999920+00:00
1759745815.878,121655.878,619467.3203116147,5806175.894401101,40.48,0.11,-0.01,-1.06,0.06,0.99,-0.0,1,2025-10-06 10:16:55.878000021+00:00
1759745816.082,121656.082,619467.1603987701,5806175.966519834,40.48,0.11,-0.01,-1.06,0.06,0.99,-0.0,1,2025-10-06 10:16:56.082000017+00:00
1759745816.287,121656.287,619466.9879613833,5806175.976668911,40.510000000000005,0.11,0.01,-1.05,0.03,0.98,0.01,1,2025-10-06 10:16:56.286999941+00:00
1759745816.493,121656.493,619466.7788107275,5806175.9210203905,40.52,0.11,0.01,-1.05,0.03,0.98,0.01,1,2025-10-06 10:16:56.493000031+00:00
1759745816.696,121656.696,619466.8391594469,5806175.923115643,40.51,0.17,0.0,-1.06,0.08,0.98,0.01,1,2025-10-06 10:16:56.696000099+00:00
1759745816.898,121656.898,619466.7388390104,5806175.880165975,40.489999999999995,0.17,0.0,-1.06,0.08,0.98,0.01,1,2025-10-06 10:16:56.898000002+00:00
1759745817.101,121657.101,619466.4771730519,5806176.023214531,40.46,0.17,0.02,-1.04,0.06,0.98,0.02,1,2025-10-06 10:16:57.101000071+00:00
1759745817.303,121657.303,619466.3369285222,5806176.006716759,40.5,0.16,0.03,-1.04,0.05,0.98,0.03,1,2025-10-06 10:16:57.302999973+00:00
1759745817.504,121657.504,619466.235491528,5806175.961808872,40.52,0.16,0.03,-1.04,0.05,0.98,0.03,1,2025-10-06 10:16:57.503999949+00:00
1759745817.722,121657.722,619466.2270038265,5806175.9769907165,40.480000000000004,0.16,0.03,-1.04,0.05,0.98,0.03,1,2025-10-06 10:16:57.721999884+00:00
1759745817.925,121657.925,619466.2260686746,5806175.98371211,40.49,0.16,0.03,-1.04,0.05,0.98,0.03,1,2025-10-06 10:16:57.924999952+00:00
1759745818.127,121658.127,619466.2155754005,5806175.95208033,40.5,0.16,0.03,-1.04,0.05,0.98,0.03,1,2025-10-06 10:16:58.127000093+00:00
1759745818.331,121658.331,619466.2567764794,5806175.98616924,40.47,0.16,0.03,-1.04,0.05,0.98,0.03,1,2025-10-06 10:16:58.331000090+00:00
1759745818.535,121658.535,619466.266308897,5806176.004529914,40.47,0.16,0.03,-1.04,0.05,0.98,0.03,1,2025-10-06 10:16:58.535000086+00:00
1759745818.739,121658.739,619466.2759876493,5806175.953439789,40.480000000000004,0.16,0.03,-1.04,0.05,0.98,0.03,1,2025-10-06 10:16:58.739000082+00:00
1759745818.942,121658.942,619466.2762292987,5806175.974257172,40.47,0.16,0.03,-1.04,0.05,0.98,0.03,1,2025-10-06 10:16:58.941999912+00:00
1759745818.942,121658.942,619466.276308897,5806175.974529914,40.47,0.16,0.03,-1.04,0.05,0.98,0.03,1,2025-10-06 10:16:58.941999912+00:00
1759745819.146,121659.146,619466.2760686746,5806176.003712109,40.45,0.16,0.03,-1.04,0.05,0.98,0.03,1,2025-10-06 10:16:59.145999908+00:00
1759745819.352,121659.352,619466.2762292987,5806175.964257172,40.47,0.16,0.03,-1.04,0.05,0.98,0.03,1,2025-10-06 10:16:59.351999998+00:00
1759745819.555,121659.555,619466.2762292987,5806175.974257172,40.46,0.16,0.03,-1.04,0.05,0.98,0.03,1,2025-10-06 10:16:59.555000067+00:00
1759745819.758,121659.758,619466.2762292987,5806175.994257173,40.45,0.16,0.03,-1.04,0.05,0.98,0.03,1,2025-10-06 10:16:59.757999897+00:00
1759745819.976,121659.976,619466.2762292987,5806175.974257172,40.46,0.16,0.03,-1.04,0.05,0.98,0.03,1,2025-10-06 10:16:59.976000071+00:00
1759745820.179,121700.179,619466.2762292987,5806175.974257172,40.46,0.16,0.03,-1.04,0.05,0.98,0.03,1,2025-10-06 10:17:00.178999901+00:00
1759745820.381,121700.381,619466.2762292987,5806175.974257172,40.46,0.16,0.03,-1.04,0.05,0.98,0.03,1,2025-10-06 10:17:00.381000042+00:00
1759745820.583,121700.583,619466.2762292987,5806175.974257172,40.46,0.16,0.03,-1.04,0.05,0.98,0.03,1,2025-10-06 10:17:00.582999945+00:00
1759745820.787,121700.787,619466.2762292987,5806175.974257172,40.46,0.16,0.03,-1.04,0.05,0.98,0.03,1,2025-10-06 10:17:00.786999941+00:00
1759745820.989,121700.989,619466.2762292987,5806175.974257172,40.46,0.16,0.03,-1.04,0.05,0.98,0.03,1,2025-10-06 10:17:00.989000082+00:00
1759745821.193,121701.193,619466.2762292987,5806175.974257172,40.46,0.16,0.03,-1.04,0.05,0.98,0.03,1,2025-10-06 10:17:01.193000078+00:00
1759745821.412,121701.412,619466.2762292987,5806175.974257172,40.46,0.16,0.03,-1.04,0.05,0.98,0.03,1,2025-10-06 10:17:01.411999941+00:00
1759745821.615,121701.615,619466.2762292987,5806175.974257172,40.46,0.16,0.03,-1.04,0.05,0.98,0.03,1,2025-10-06 10:17:01.615000010+00:00
1759745821.82,121701.82,619466.2762292987,5806175.974257172,40.46,0.16,0.03,-1.04,0.05,0.98,0.03,1,2025-10-06 10:17:01.819999933+00:00
1759745822.025,121702.025,619466.2762292987,5806175.974257172,40.46,0.16,0.03,-1.04,0.05,0.98,0.03,1,2025-10-06 10:17:02.025000095+00:00
1759745822.229,121702.229,619466.2762292987,5806175.974257172,40.46,0.16,0.03,-1.04,0.05,0.98,0.03,1,2025-10-06 10:17:02.229000092+00:00
1759745822.432,121702.432,619466.2762292987,5806175.974257172,40.46,0.16,0.03,-1.04,0.05,0.98,0.03,1,2025-10-06 10:17:02.431999922+00:00
1759745822.634,121702.634,619466.2762292987,5806175.974257172,40.46,0.16,0.03,-1.04,0.05,0.98,0.03,1,2025-10-06 10:17:02.634000063+00:00
1759745822.836,121702.836,619466.2762292987,5806175.974257172,40.46,0.16,0.03,-1.04,0.05,0.98,0.03,1,2025-10-06 10:17:02.835999966+00:00
