1759748967.571,130927.571,619463.6234691923,5806178.953345653,40.54,2.22,0.03,-0.88,0.0,-1.0,-0.03,1,2025-10-06 11:09:27.571000099+00:00
1759748967.773,130927.773,619463.6432935031,5806178.950700524,40.54,2.2,0.03,-0.88,0.0,-1.0,-0.03,1,2025-10-06 11:09:27.773000002+00:00
1759748967.974,130927.974,619463.6289068563,5806178.918462885,40.54,2.21,-0.0,-0.88,-0.01,-0.99,-0.03,1,2025-10-06 11:09:27.973999977+00:00
1759748968.18,130928.18,619463.6326068523,5806178.945929133,40.53,2.21,0.02,-0.89,-0.0,-1.0,-0.03,1,2025-10-06 11:09:28.180000067+00:00
1759748968.383,130928.383,619463.6354331659,5806178.968035128,40.54,2.21,0.05,-0.88,0.01,-1.0,-0.04,1,2025-10-06 11:09:28.382999897+00:00
1759748968.585,130928.585,619463.6320587838,5806178.942110933,40.55,2.21,0.02,-0.88,-0.0,-1.0,-0.03,1,2025-10-06 11:09:28.585000038+00:00
1759748968.789,130928.789,619463.6639568013,5806178.955510155,40.54,2.19,0.04,-0.88,0.0,-1.0,-0.04,1,2025-10-06 11:09:28.789000034+00:00
1759748969.006,130929.006,619463.6329081935,5806178.949511493,40.53,2.22,0.03,-0.89,-0.0,-1.0,-0.03,1,2025-10-06 11:09:29.006000042+00:00
1759748969.21,130929.21,619463.6412669905,5806178.936019301,40.53,2.21,0.01,-0.89,-0.01,-1.0,-0.03,1,2025-10-06 11:09:29.210000038+00:00
1759748969.412,130929.412,619463.6541854567,5806178.959136861,40.54,2.2,0.05,-0.88,0.01,-1.0,-0.04,1,2025-10-06 11:09:29.411999941+00:00
1759748969.616,130929.616,619463.6424398394,5806178.946671034,40.54,2.21,0.04,-0.88,0.0,-0.99,-0.04,1,2025-10-06 11:09:29.615999937+00:00
1759748969.817,130929.817,619463.638182432,5806178.913082583,40.53,2.21,0.01,-0.89,-0.01,-1.0,-0.04,1,2025-10-06 11:09:29.816999912+00:00
1759748970.021,130930.021,619463.6348773325,5806178.886776209,40.53,2.22,-0.01,-0.89,-0.01,-1.0,-0.03,1,2025-10-06 11:09:30.020999908+00:00
1759748970.224,130930.224,619463.6728226421,5806178.9682062315,40.53,2.21,0.03,-0.9,-0.0,-0.99,-0.04,1,2025-10-06 11:09:30.223999977+00:00
1759748970.443,130930.443,619463.70073622,5806178.952198778,40.53,2.21,0.01,-0.9,-0.01,-1.0,-0.03,1,2025-10-06 11:09:30.443000078+00:00
1759748970.647,130930.647,619463.7305255901,5806178.925978484,40.52,2.23,0.05,-0.9,0.0,-1.0,-0.04,1,2025-10-06 11:09:30.647000074+00:00
1759748970.85,130930.85,619463.8084900195,5806178.895926225,40.510000000000005,2.22,0.0,-0.91,-0.01,-1.0,-0.03,1,2025-10-06 11:09:30.849999905+00:00
1759748971.053,130931.053,619463.9350130877,5806178.966797738,40.540000000000006,2.23,0.05,-0.91,0.0,-1.0,-0.04,1,2025-10-06 11:09:31.052999973+00:00
1759748971.254,130931.254,619463.9655310754,5806178.893510917,40.51,2.24,0.01,-0.93,-0.0,-1.0,-0.02,1,2025-10-06 11:09:31.253999949+00:00
1759748971.456,130931.456,619464.0886262909,5806178.888961665,40.5,2.24,0.02,-0.92,-0.0,-1.0,-0.03,1,2025-10-06 11:09:31.456000090+00:00
1759748971.659,130931.659,619464.1718274949,5806178.8112890115,40.52,2.26,-0.07,-0.9,-0.03,-1.0,-0.01,1,2025-10-06 11:09:31.658999920+00:00
1759748971.875,130931.875,619464.3131603311,5806178.812998551,40.5,2.25,-0.0,-0.92,-0.01,-1.0,-0.03,1,2025-10-06 11:09:31.875000+00:00
1759748972.077,130932.077,619464.418336376,5806178.888636318,40.46,2.27,0.02,-0.97,-0.0,-1.0,-0.03,1,2025-10-06 11:09:32.076999903+00:00
1759748972.281,130932.281,619464.483338694,5806178.828085719,40.47,2.28,-0.03,-0.95,-0.02,-1.0,-0.03,1,2025-10-06 11:09:32.280999899+00:00
1759748972.483,130932.483,619464.6470189181,5806178.654955899,40.5,2.26,-0.15,-0.92,-0.07,-1.0,-0.01,1,2025-10-06 11:09:32.483000040+00:00
1759748972.688,130932.688,619464.7367653436,5806178.920511982,40.5,2.29,0.09,-0.94,0.02,-1.0,-0.05,1,2025-10-06 11:09:32.687999964+00:00
1759748972.891,130932.891,619464.8796611055,5806178.850934053,40.49,2.29,0.03,-0.94,-0.0,-1.0,-0.03,1,2025-10-06 11:09:32.891000032+00:00
1759748973.095,130933.095,619465.0313886355,5806178.750560235,40.480000000000004,2.3,-0.03,-0.94,-0.02,-1.0,-0.03,1,2025-10-06 11:09:33.095000029+00:00
1759748973.311,130933.311,619465.3478312475,5806178.78924455,40.51,2.31,0.04,-0.93,0.0,-1.0,-0.04,1,2025-10-06 11:09:33.311000109+00:00
1759748973.514,130933.514,619465.5641419898,5806178.755413384,40.5,2.31,0.01,-0.93,-0.01,-1.0,-0.03,1,2025-10-06 11:09:33.513999938+00:00
1759748973.716,130933.716,619465.7311840742,5806178.802086489,40.48,2.3,0.02,-0.95,-0.01,-1.0,-0.05,1,2025-10-06 11:09:33.716000080+00:00
1759748973.919,130933.919,619465.8309490085,5806178.762513261,40.48,2.32,0.03,-0.95,-0.01,-0.99,-0.04,1,2025-10-06 11:09:33.918999910+00:00
1759748974.124,130934.124,619465.9847082476,5806178.681580008,40.49,2.33,0.01,-0.94,-0.01,-1.0,-0.03,1,2025-10-06 11:09:34.124000072+00:00
1759748974.326,130934.326,619466.1554731074,5806178.682131956,40.53,2.32,0.05,-0.9,0.01,-1.0,-0.04,1,2025-10-06 11:09:34.325999975+00:00
1759748974.542,130934.542,619466.2788099428,5806178.653412679,40.53,2.33,-0.02,-0.91,-0.02,-1.0,-0.03,1,2025-10-06 11:09:34.542000055+00:00
1759748974.542,130934.542,619466.2704467636,5806178.672893964,40.489999999999995,2.34,-0.03,-0.95,-0.02,-1.0,-0.03,1,2025-10-06 11:09:34.542000055+00:00
1759748974.746,130934.746,619466.3798627727,5806178.649214536,40.440000000000005,2.36,-0.04,-0.98,-0.03,-1.0,-0.02,1,2025-10-06 11:09:34.746000051+00:00
1759748974.949,130934.949,619466.5781470081,5806178.586597163,40.46,2.37,-0.01,-0.96,-0.02,-1.0,-0.04,1,2025-10-06 11:09:34.948999882+00:00
1759748975.151,130935.151,619466.7045572024,5806178.652484443,40.48,2.36,0.02,-0.96,-0.01,-1.0,-0.04,1,2025-10-06 11:09:35.151000023+00:00
1759748975.354,130935.354,619466.8010254335,5806178.746953471,40.419999999999995,2.39,-0.02,-1.02,-0.02,-1.0,-0.02,1,2025-10-06 11:09:35.354000092+00:00
1759748975.556,130935.556,619466.8768196197,5806178.66499835,40.38999999999999,2.42,-0.01,-1.02,-0.02,-1.0,-0.04,1,2025-10-06 11:09:35.555999994+00:00
1759748975.772,130935.772,619466.9461205351,5806178.500821145,40.47,2.38,-0.06,-0.95,0.03,1.0,0.0,1,2025-10-06 11:09:35.772000074+00:00
1759748975.976,130935.976,619467.0712736755,5806178.62813539,40.47,2.38,0.02,-0.95,-0.0,1.0,0.02,1,2025-10-06 11:09:35.976000071+00:00
1759748976.178,130936.178,619467.1569884617,5806178.654633517,40.47,2.39,0.01,-0.99,0.0,1.0,0.01,1,2025-10-06 11:09:36.177999973+00:00
1759748976.38,130936.38,619467.212469078,5806178.475440913,40.410000000000004,2.42,-0.08,-1.01,0.03,1.0,-0.0,1,2025-10-06 11:09:36.380000114+00:00
1759748976.583,130936.583,619467.289419159,5806178.640539626,40.41,2.4,0.06,-1.02,-0.02,1.0,0.0,1,2025-10-06 11:09:36.582999945+00:00
1759748976.785,130936.785,619467.313026906,5806178.602548064,40.41,2.42,-0.03,-1.03,0.02,1.0,0.0,1,2025-10-06 11:09:36.785000086+00:00
1759748976.991,130936.991,619467.3298874701,5806178.477699159,40.42,2.43,-0.12,-1.03,0.05,1.0,-0.01,1,2025-10-06 11:09:36.990999937+00:00
1759748977.21,130937.21,619467.4011701061,5806178.453098236,40.43,2.4,-0.11,-1.01,0.04,1.0,-0.01,1,2025-10-06 11:09:37.210000038+00:00
1759748977.411,130937.411,619467.477988712,5806178.532511931,40.43,2.43,-0.08,-1.01,0.03,1.0,-0.01,1,2025-10-06 11:09:37.411000013+00:00
1759748977.614,130937.614,619467.5610316673,5806178.5736938985,40.46,2.44,-0.03,-1.0,0.02,1.0,0.02,1,2025-10-06 11:09:37.614000082+00:00
1759748977.819,130937.819,619467.6488131897,5806178.5427308865,40.440000000000005,2.43,-0.05,-1.01,0.03,1.0,0.02,1,2025-10-06 11:09:37.819000006+00:00
1759748978.022,130938.022,619467.7149546028,5806178.680773538,40.419999999999995,2.42,0.1,-1.02,-0.03,1.0,0.04,1,2025-10-06 11:09:38.022000074+00:00
1759748978.223,130938.223,619467.7104235945,5806178.550778009,40.419999999999995,2.44,-0.05,-1.02,0.03,1.0,0.02,1,2025-10-06 11:09:38.223000050+00:00
1759748978.425,130938.425,619467.7615828933,5806178.558649684,40.419999999999995,2.46,-0.01,-1.02,0.01,1.0,0.02,1,2025-10-06 11:09:38.424999952+00:00
1759748978.643,130938.643,619467.8778423251,5806178.506092319,40.44,2.43,-0.02,-1.0,0.02,1.0,0.02,1,2025-10-06 11:09:38.642999887+00:00
1759748978.846,130938.846,619467.9588734541,5806178.59306146,40.42,2.44,0.01,-1.01,0.01,1.0,0.03,1,2025-10-06 11:09:38.845999956+00:00
1759748979.048,130939.048,619468.0302921021,5806178.596593139,40.43,2.47,0.02,-1.01,0.01,1.0,0.05,1,2025-10-06 11:09:39.048000097+00:00
1759748979.253,130939.253,619468.0549381424,5806178.554173806,40.43,2.47,-0.04,-1.01,0.03,1.0,0.04,1,2025-10-06 11:09:39.253000021+00:00
1759748979.458,130939.458,619468.1005375733,5806178.666136719,40.440000000000005,2.45,0.02,-1.01,0.01,1.0,0.04,1,2025-10-06 11:09:39.457999945+00:00
1759748979.662,130939.662,619468.1037476109,5806178.674072379,40.44,2.43,0.02,-1.0,0.0,1.0,0.03,1,2025-10-06 11:09:39.661999941+00:00
1759748979.867,130939.867,619468.1373772544,5806178.8232875,40.440000000000005,2.43,0.14,-1.01,-0.04,1.0,0.05,1,2025-10-06 11:09:39.867000103+00:00
1759748980.07,130940.07,619468.1370103896,5806178.839621011,40.43,2.45,0.11,-1.01,-0.03,1.0,0.04,1,2025-10-06 11:09:40.069999933+00:00
1759748980.273,130940.273,619468.2804172243,5806178.882853623,40.45,2.43,0.17,-0.98,-0.05,1.0,0.05,1,2025-10-06 11:09:40.273000002+00:00
1759748980.475,130940.475,619468.2830713517,5806178.795582242,40.45,2.45,0.06,-1.0,-0.03,1.0,-0.01,1,2025-10-06 11:09:40.474999905+00:00
1759748980.693,130940.693,619468.4517878395,5806178.974891867,40.440000000000005,2.45,0.14,-1.01,-0.06,1.0,0.0,1,2025-10-06 11:09:40.693000078+00:00
1759748980.896,130940.896,619468.5348809173,5806178.959677589,40.41,2.46,0.1,-1.02,-0.04,1.0,-0.01,1,2025-10-06 11:09:40.895999908+00:00
1759748981.097,130941.097,619468.6835990662,5806179.002903864,40.43,2.42,0.22,-1.01,-0.09,1.0,-0.0,1,2025-10-06 11:09:41.096999884+00:00
1759748981.301,130941.301,619468.990489781,5806179.116169852,40.42,2.41,0.31,-1.03,-0.12,0.99,0.01,1,2025-10-06 11:09:41.301000118+00:00
1759748981.504,130941.504,619469.1680248036,5806179.1094469335,40.41,2.39,0.34,-1.02,-0.13,0.99,0.03,1,2025-10-06 11:09:41.503999949+00:00
1759748981.706,130941.706,619469.2554420367,5806178.988863461,40.42,2.39,0.37,-1.01,-0.13,0.99,0.05,1,2025-10-06 11:09:41.706000090+00:00
1759748981.924,130941.924,619469.3862767589,5806178.994215527,40.49,2.34,0.4,-0.96,-0.15,0.99,0.05,1,2025-10-06 11:09:41.924000025+00:00
1759748982.126,130942.126,619469.3604325561,5806178.858185385,40.470000000000006,2.4,0.21,-0.98,-0.08,1.0,0.01,1,2025-10-06 11:09:42.125999928+00:00
1759748982.328,130942.328,619469.4111587208,5806178.792870476,40.44,2.42,0.16,-0.99,-0.06,1.0,0.0,1,2025-10-06 11:09:42.328000069+00:00
1759748982.529,130942.529,619469.3572278908,5806178.69056909,40.49,2.43,-0.01,-0.97,0.01,1.0,0.02,1,2025-10-06 11:09:42.529000044+00:00
1759748982.731,130942.731,619469.4980009223,5806178.964368952,40.5,2.41,0.2,-0.96,-0.08,1.0,0.01,1,2025-10-06 11:09:42.730999947+00:00
1759748982.731,130942.731,619469.504911171,5806178.964453498,40.5,2.4,0.24,-0.96,-0.09,1.0,0.02,1,2025-10-06 11:09:42.730999947+00:00
1759748982.935,130942.935,619469.5987227061,5806178.948764227,40.480000000000004,2.38,0.25,-0.98,-0.1,0.99,0.02,1,2025-10-06 11:09:42.934999943+00:00
1759748983.139,130943.139,619469.7862879175,5806179.200100381,40.470000000000006,2.31,0.53,-0.98,-0.2,0.98,0.07,1,2025-10-06 11:09:43.138999939+00:00
1759748983.354,130943.354,619469.7576221623,5806179.027308448,40.48,2.3,0.43,-0.96,-0.17,0.98,0.04,1,2025-10-06 11:09:43.354000092+00:00
1759748983.556,130943.556,619469.7678814719,5806178.941915846,40.46,2.37,0.33,-0.98,-0.13,0.99,0.02,1,2025-10-06 11:09:43.555999994+00:00
1759748983.76,130943.76,619470.0382604159,5806179.104459991,40.46,2.29,0.46,-0.99,-0.17,0.98,0.06,1,2025-10-06 11:09:43.759999990+00:00
1759748983.962,130943.962,619470.1747798318,5806179.074406835,40.46,2.29,0.43,-0.98,-0.16,0.98,0.07,1,2025-10-06 11:09:43.961999893+00:00
1759748984.166,130944.166,619470.324633559,5806178.983327494,40.510000000000005,2.26,0.44,-0.91,-0.16,0.98,0.08,1,2025-10-06 11:09:44.165999889+00:00
1759748984.384,130944.384,619470.3388660584,5806178.904124446,40.589999999999996,2.22,0.44,-0.85,-0.18,0.98,0.04,1,2025-10-06 11:09:44.384000063+00:00
1759748984.586,130944.586,619470.4012381155,5806178.805965378,40.58,2.29,0.33,-0.86,-0.13,0.99,0.03,1,2025-10-06 11:09:44.585999966+00:00
1759748984.788,130944.788,619470.3902151617,5806178.338367902,40.54,2.34,-0.15,-0.89,0.07,1.0,0.01,1,2025-10-06 11:09:44.788000107+00:00
1759748984.991,130944.991,619470.6813390616,5806178.933556098,40.559999999999995,2.21,0.47,-0.88,-0.19,0.98,0.05,1,2025-10-06 11:09:44.990999937+00:00
1759748985.193,130945.193,619470.7706102066,5806178.873269614,40.52,2.21,0.46,-0.91,-0.18,0.98,0.05,1,2025-10-06 11:09:45.193000078+00:00
1759748985.41,130945.41,619470.7789463617,5806178.79383727,40.48,2.21,0.44,-0.92,-0.18,0.98,0.03,1,2025-10-06 11:09:45.410000086+00:00
1759748985.599,130945.599,619471.0401071556,5806178.773027325,40.53,2.18,0.49,-0.87,-0.19,0.98,0.07,1,2025-10-06 11:09:45.598999977+00:00
1759748985.818,130945.818,619471.1635836486,5806178.68928801,40.55,2.16,0.44,-0.86,-0.17,0.98,0.06,1,2025-10-06 11:09:45.818000078+00:00
1759748986.022,130946.022,619471.1421617281,5806178.640355514,40.53,2.15,0.42,-0.87,-0.18,0.98,0.04,1,2025-10-06 11:09:46.022000074+00:00
1759748986.223,130946.223,619471.2025448404,5806178.543154226,40.510000000000005,2.15,0.42,-0.87,-0.18,0.98,0.03,1,2025-10-06 11:09:46.223000050+00:00
1759748986.426,130946.426,619471.3045720587,5806178.550908929,40.54,2.14,0.41,-0.87,-0.18,0.98,0.02,1,2025-10-06 11:09:46.426000118+00:00
1759748986.628,130946.628,619471.3962246497,5806178.568167014,40.54,2.15,0.39,-0.9,-0.17,0.98,0.03,1,2025-10-06 11:09:46.628000021+00:00
1759748986.845,130946.845,619471.4628053765,5806178.438345388,40.5,2.15,0.34,-0.91,-0.14,0.99,0.03,1,2025-10-06 11:09:46.845000029+00:00
1759748987.034,130947.034,619471.4629310799,5806178.423813839,40.47,2.16,0.33,-0.96,-0.15,0.99,0.01,1,2025-10-06 11:09:47.033999920+00:00
1759748987.253,130947.253,619471.6150460909,5806178.392261871,40.449999999999996,2.15,0.3,-0.99,-0.13,0.99,0.01,1,2025-10-06 11:09:47.253000021+00:00
1759748987.456,130947.456,619471.7748864497,5806178.423700438,40.44,2.14,0.32,-0.99,-0.13,0.99,0.03,1,2025-10-06 11:09:47.456000090+00:00
1759748987.659,130947.659,619471.8783846494,5806178.290357426,40.43,2.13,0.31,-0.98,-0.13,0.99,0.03,1,2025-10-06 11:09:47.658999920+00:00
1759748987.86,130947.86,619472.0621698776,5806178.281692762,40.449999999999996,2.09,0.36,-0.96,-0.15,0.99,0.05,1,2025-10-06 11:09:47.859999895+00:00
1759748988.064,130948.064,619472.1475692764,5806178.314756929,40.449999999999996,2.1,0.34,-0.99,-0.14,0.99,0.05,1,2025-10-06 11:09:48.063999891+00:00
1759748988.267,130948.267,619472.2771394146,5806178.364367232,40.4,2.11,0.35,-1.03,-0.13,0.99,0.06,1,2025-10-06 11:09:48.266999959+00:00
1759748988.47,130948.47,619472.3736963758,5806178.277439878,40.38999999999999,2.08,0.32,-1.02,-0.13,0.99,0.05,1,2025-10-06 11:09:48.470000029+00:00
1759748988.675,130948.675,619472.3667927216,5806178.163315706,40.38,2.09,0.29,-1.04,-0.13,0.99,0.02,1,2025-10-06 11:09:48.674999952+00:00
1759748988.891,130948.891,619472.5721553225,5806178.189468539,40.379999999999995,2.05,0.33,-1.03,-0.14,0.99,0.03,1,2025-10-06 11:09:48.891000032+00:00
1759748989.096,130949.096,619472.5781868619,5806178.1773795495,40.34,2.08,0.31,-1.08,-0.13,0.99,0.03,1,2025-10-06 11:09:49.095999956+00:00
1759748989.3,130949.3,619472.6756410791,5806178.171374192,40.33,2.08,0.3,-1.09,-0.13,0.99,0.01,1,2025-10-06 11:09:49.299999952+00:00
1759748989.503,130949.503,619472.9257222619,5806178.076864148,40.36,2.06,0.28,-1.08,-0.13,0.99,0.01,1,2025-10-06 11:09:49.503000020+00:00
1759748989.705,130949.705,619473.0299482122,5806178.023437329,40.36,2.06,0.27,-1.08,-0.13,0.99,0.01,1,2025-10-06 11:09:49.704999924+00:00
1759748989.908,130949.908,619473.1786504978,5806178.052336456,40.36,2.03,0.29,-1.08,-0.14,0.99,0.01,1,2025-10-06 11:09:49.907999992+00:00
1759748990.111,130950.111,619473.2740961844,5806177.992483427,40.339999999999996,2.04,0.26,-1.1,-0.13,0.99,0.0,1,2025-10-06 11:09:50.111000061+00:00
1759748990.314,130950.314,619473.3222706034,5806177.967836462,40.37,2.05,0.27,-1.09,-0.12,0.99,0.01,1,2025-10-06 11:09:50.313999891+00:00
1759748990.531,130950.531,619473.38615384,5806177.9901623,40.37,2.02,0.29,-1.09,-0.14,0.99,0.01,1,2025-10-06 11:09:50.530999899+00:00
1759748990.736,130950.736,619473.3432282755,5806177.870961382,40.36,2.01,0.31,-1.09,-0.15,0.99,0.01,1,2025-10-06 11:09:50.736000061+00:00
1759748990.94,130950.94,619473.2931348659,5806177.716462478,40.37,2.02,0.29,-1.09,-0.13,0.99,0.02,1,2025-10-06 11:09:50.940000057+00:00
1759748990.94,130950.94,619473.2920548724,5806177.706520968,40.39,2.02,0.28,-1.07,-0.12,0.99,0.03,1,2025-10-06 11:09:50.940000057+00:00
1759748991.143,130951.143,619473.4154234901,5806177.637397526,40.410000000000004,2.03,0.24,-1.05,-0.08,0.99,0.07,1,2025-10-06 11:09:51.142999887+00:00
1759748991.346,130951.346,619473.381792523,5806177.545826109,40.41,2.07,0.1,-1.06,-0.01,1.0,0.07,1,2025-10-06 11:09:51.345999956+00:00
1759748991.548,130951.548,619473.2606366333,5806177.461713307,40.37,2.07,-0.03,-1.1,0.02,1.0,0.01,1,2025-10-06 11:09:51.548000097+00:00
1759748991.751,130951.751,619473.311277612,5806177.436535635,40.349999999999994,2.08,0.01,-1.09,0.01,1.0,0.02,1,2025-10-06 11:09:51.750999928+00:00
1759748991.969,130951.969,619473.3679875378,5806177.506848073,40.4,2.07,0.05,-1.07,0.01,-1.0,-0.03,1,2025-10-06 11:09:51.969000101+00:00
1759748992.172,130952.172,619473.409319796,5806177.532861629,40.39,2.07,0.02,-1.1,0.0,-1.0,-0.01,1,2025-10-06 11:09:52.171999931+00:00
1759748992.374,130952.374,619473.5227204445,5806177.461105276,40.35,2.09,0.02,-1.11,-0.0,-1.0,-0.02,1,2025-10-06 11:09:52.374000072+00:00
1759748992.577,130952.577,619473.6155755962,5806177.467200079,40.36,2.08,0.04,-1.11,0.01,-1.0,-0.01,1,2025-10-06 11:09:52.576999903+00:00
1759748992.778,130952.778,619473.7834742533,5806177.51654612,40.37,2.07,0.1,-1.1,0.04,-1.0,-0.02,1,2025-10-06 11:09:52.778000116+00:00
1759748992.979,130952.979,619473.865250402,5806177.456337858,40.39,2.08,0.05,-1.1,0.01,-1.0,-0.01,1,2025-10-06 11:09:52.979000092+00:00
1759748993.199,130953.199,619473.9343066488,5806177.4473805,40.38,2.09,0.04,-1.11,0.01,-1.0,-0.01,1,2025-10-06 11:09:53.198999882+00:00
1759748993.401,130953.401,619474.0251298419,5806177.413596589,40.37,2.08,0.04,-1.1,0.02,-1.0,-0.01,1,2025-10-06 11:09:53.401000023+00:00
1759748993.603,130953.603,619474.1348776123,5806177.3954790095,40.4,2.08,0.06,-1.07,0.02,-1.0,-0.02,1,2025-10-06 11:09:53.602999926+00:00
1759748993.806,130953.806,619474.2523108681,5806177.371965237,40.42,2.09,0.05,-1.07,0.02,-1.0,-0.01,1,2025-10-06 11:09:53.805999994+00:00
1759748994.008,130954.008,619474.3323696981,5806177.368472585,40.43,2.1,0.02,-1.07,0.01,-1.0,-0.0,1,2025-10-06 11:09:54.007999897+00:00
1759748994.211,130954.211,619474.4737310075,5806177.361054082,40.42,2.09,0.03,-1.07,0.01,-1.0,-0.01,1,2025-10-06 11:09:54.210999966+00:00
1759748994.415,130954.415,619474.5818299452,5806177.315630723,40.43,2.09,0.04,-1.05,0.01,-1.0,-0.02,1,2025-10-06 11:09:54.414999962+00:00
1759748994.619,130954.619,619474.731209587,5806177.406041192,40.45,2.08,0.11,-1.04,0.04,-1.0,-0.03,1,2025-10-06 11:09:54.618999958+00:00
1759748994.837,130954.837,619474.851885937,5806177.414112247,40.46,2.08,0.09,-1.05,0.03,-1.0,-0.02,1,2025-10-06 11:09:54.836999893+00:00
1759748995.041,130955.041,619474.9849283769,5806177.405661765,40.46,2.07,0.13,-1.03,0.05,-1.0,-0.03,1,2025-10-06 11:09:55.040999889+00:00
1759748995.243,130955.243,619475.0697567347,5806177.316980955,40.47,2.08,0.08,-1.02,0.03,-1.0,-0.02,1,2025-10-06 11:09:55.243000031+00:00
1759748995.446,130955.446,619475.1960272415,5806177.392814378,40.5,2.05,0.16,-1.01,0.06,-1.0,-0.02,1,2025-10-06 11:09:55.446000099+00:00
1759748995.648,130955.648,619475.2940902908,5806177.363906464,40.49,2.06,0.14,-1.01,0.06,-1.0,-0.02,1,2025-10-06 11:09:55.648000002+00:00
1759748995.85,130955.85,619475.4220168595,5806177.232041107,40.5,2.05,0.12,-0.99,0.05,-1.0,-0.03,1,2025-10-06 11:09:55.849999905+00:00
1759748996.068,130956.068,619475.5307262134,5806177.202082793,40.52,2.05,0.1,-0.98,0.04,-1.0,-0.02,1,2025-10-06 11:09:56.068000078+00:00
1759748996.274,130956.274,619475.6256737007,5806177.144144619,40.53,2.06,0.06,-0.98,0.02,-1.0,-0.02,1,2025-10-06 11:09:56.273999929+00:00
1759748996.476,130956.476,619475.7554051457,5806177.1421183245,40.519999999999996,2.06,0.03,-0.99,0.0,-1.0,-0.02,1,2025-10-06 11:09:56.476000071+00:00
1759748996.679,130956.679,619475.8768959624,5806177.153498503,40.519999999999996,2.07,0.04,-0.99,0.01,-1.0,-0.03,1,2025-10-06 11:09:56.678999901+00:00
1759748996.882,130956.882,619476.0174453396,5806177.168465823,40.519999999999996,2.06,0.07,-0.99,0.01,-1.0,-0.03,1,2025-10-06 11:09:56.881999969+00:00
1759748997.087,130957.087,619476.1084405431,5806177.178582436,40.51,2.05,0.07,-1.0,0.02,-1.0,-0.03,1,2025-10-06 11:09:57.086999893+00:00
1759748997.29,130957.29,619476.2083528626,5806177.161437252,40.5,2.05,0.08,-1.0,0.03,-1.0,-0.03,1,2025-10-06 11:09:57.289999962+00:00
1759748997.493,130957.493,619476.3248710786,5806177.1043873085,40.51,2.05,0.03,-1.0,0.01,-1.0,-0.02,1,2025-10-06 11:09:57.493000031+00:00
1759748997.695,130957.695,619476.4677421972,5806177.140861791,40.53,2.04,0.07,-0.99,0.02,-1.0,-0.03,1,2025-10-06 11:09:57.694999933+00:00
1759748997.912,130957.912,619476.705701837,5806177.097939928,40.52,2.05,0.04,-1.0,0.01,-1.0,-0.03,1,2025-10-06 11:09:57.911999941+00:00
1759748998.114,130958.114,619476.8530120162,5806177.1704573,40.51,2.04,0.07,-1.0,0.02,-1.0,-0.03,1,2025-10-06 11:09:58.114000082+00:00
1759748998.317,130958.317,619477.0260338351,5806177.164739221,40.51,2.05,0.1,-0.99,0.03,-1.0,-0.04,1,2025-10-06 11:09:58.316999912+00:00
1759748998.521,130958.521,619477.2115208709,5806177.116600057,40.56,2.02,0.12,-0.94,0.04,-0.99,-0.05,1,2025-10-06 11:09:58.520999907+00:00
1759748998.722,130958.722,619477.2559198273,5806177.1947559295,40.61,2.03,0.15,-0.92,0.05,-1.0,-0.06,1,2025-10-06 11:09:58.721999884+00:00
1759748998.928,130958.928,619477.3868864776,5806177.199170586,40.559999999999995,2.02,0.1,-0.95,0.03,-1.0,-0.04,1,2025-10-06 11:09:58.927999973+00:00
1759748999.144,130959.144,619477.4621825959,5806177.11781631,40.52,2.03,0.11,-0.98,0.03,-1.0,-0.05,1,2025-10-06 11:09:59.144000053+00:00
1759748999.144,130959.144,619477.4816853653,5806177.122465088,40.55,2.01,0.13,-0.95,-0.04,0.99,0.05,1,2025-10-06 11:09:59.144000053+00:00
1759748999.347,130959.347,619477.5787187879,5806177.166424965,40.58,2.0,0.16,-0.93,0.06,-0.99,-0.05,1,2025-10-06 11:09:59.346999884+00:00
1759748999.548,130959.548,619477.6404056851,5806177.0836754115,40.59,2.02,0.09,-0.93,0.03,-1.0,-0.04,1,2025-10-06 11:09:59.548000097+00:00
1759748999.751,130959.751,619477.669406818,5806177.030566498,40.61000000000001,2.01,0.05,-0.91,0.02,-0.99,-0.02,1,2025-10-06 11:09:59.750999928+00:00
1759748999.954,130959.954,619477.9163030647,5806177.124608802,40.61,1.98,0.15,-0.89,0.05,-0.99,-0.05,1,2025-10-06 11:09:59.953999996+00:00
1759749000.158,131000.158,619477.9521131242,5806177.065775853,40.61,2.0,0.11,-0.9,0.04,-0.99,-0.03,1,2025-10-06 11:10:00.157999992+00:00
1759749000.361,131000.361,619478.0916480612,5806177.071244118,40.62,1.99,0.13,-0.89,0.05,-1.0,-0.05,1,2025-10-06 11:10:00.361000061+00:00
1759749000.564,131000.564,619478.2281137026,5806177.0305390805,40.59,1.99,0.11,-0.91,0.03,-1.0,-0.05,1,2025-10-06 11:10:00.563999891+00:00
1759749000.78,131000.78,619478.2945990316,5806177.108869882,40.589999999999996,1.99,0.12,-0.92,0.04,-1.0,-0.05,1,2025-10-06 11:10:00.779999971+00:00
1759749000.984,131000.984,619478.5668036808,5806177.148375125,40.58,1.98,0.13,-0.93,0.03,-0.99,-0.08,1,2025-10-06 11:10:00.983999968+00:00
1759749001.187,131001.187,619478.6956100971,5806178.025421234,40.61,1.98,1.09,-0.9,1.19,-1.2,1.18,1,2025-10-06 11:10:01.187000036+00:00
1759749001.391,131001.391,619478.7310002717,5806177.040041799,40.6,1.97,0.12,-0.9,-0.03,0.99,0.06,1,2025-10-06 11:10:01.391000032+00:00
1759749001.597,131001.597,619478.8957795517,5806177.110753343,40.61000000000001,1.97,0.13,-0.91,-0.04,0.99,0.07,1,2025-10-06 11:10:01.596999884+00:00
1759749001.8,131001.8,619478.9233735368,5806177.104716223,40.58,1.98,0.11,-0.93,-0.03,0.99,0.06,1,2025-10-06 11:10:01.799999952+00:00
1759749002.002,131002.002,619479.0857662744,5806177.130466083,40.56,1.97,0.15,-0.93,-0.04,0.99,0.07,1,2025-10-06 11:10:02.002000093+00:00
1759749002.207,131002.207,619479.1538671625,5806177.08710358,40.550000000000004,1.97,0.13,-0.94,-0.04,0.99,0.05,1,2025-10-06 11:10:02.207000017+00:00
1759749002.411,131002.411,619479.2642502072,5806177.119567065,40.57,1.96,0.15,-0.95,-0.05,1.0,0.06,1,2025-10-06 11:10:02.411000013+00:00
1759749002.627,131002.627,619479.3524954321,5806177.106857677,40.54,1.97,0.13,-0.97,-0.05,1.0,0.04,1,2025-10-06 11:10:02.627000093+00:00
1759749002.829,131002.829,619479.4168337188,5806177.04590467,40.54,1.98,0.14,-0.96,-0.05,1.0,0.04,1,2025-10-06 11:10:02.828999996+00:00
1759749003.031,131003.031,619479.5722863548,5806176.9974908745,40.56,1.97,0.15,-0.94,-0.05,1.0,0.05,1,2025-10-06 11:10:03.030999899+00:00
1759749003.234,131003.234,619479.65,5806176.9,40.56,1.98,0.07,-0.96,-0.02,1.0,0.03,1,2025-10-06 11:10:03.233999968+00:00
1759749003.438,131003.438,619479.71,5806176.85,40.56,2.0,0.02,-0.96,0.0,1.0,0.02,1,2025-10-06 11:10:03.437999964+00:00
1759749003.642,131003.642,619479.8703936007,5806176.785567491,40.55,2.0,-0.02,-0.95,0.03,1.0,0.03,1,2025-10-06 11:10:03.641999960+00:00
1759749003.845,131003.845,619479.9800205147,5806176.806491906,40.59,2.01,-0.01,-0.94,0.03,1.0,0.04,1,2025-10-06 11:10:03.845000029+00:00
1759749004.063,131004.063,619480.0900903125,5806176.766509419,40.6,2.0,-0.05,-0.92,0.04,1.0,0.02,1,2025-10-06 11:10:04.062999964+00:00
1759749004.47,131004.47,619480.3523635919,5806176.7106895195,40.63,2.0,-0.05,-0.9,-0.04,-1.0,-0.03,1,2025-10-06 11:10:04.470000029+00:00
1759749004.673,131004.673,619480.4230491935,5806176.700432529,40.61,2.03,-0.1,-0.93,-0.06,-1.0,-0.02,1,2025-10-06 11:10:04.673000097+00:00
1759749004.876,131004.876,619480.5630212987,5806176.723629481,40.6,2.02,-0.08,-0.94,0.05,1.0,0.03,1,2025-10-06 11:10:04.875999928+00:00
1759749005.077,131005.077,619480.6650755657,5806176.679221031,40.6,2.03,-0.11,-0.94,0.06,1.0,0.02,1,2025-10-06 11:10:05.076999903+00:00
1759749005.295,131005.295,619480.783768476,5806176.722738971,40.61,2.03,-0.08,-0.94,0.05,1.0,0.03,1,2025-10-06 11:10:05.295000076+00:00
1759749005.497,131005.497,619480.8535408223,5806176.690194178,40.6,2.04,-0.12,-0.94,0.06,1.0,0.02,1,2025-10-06 11:10:05.496999979+00:00
1759749005.7,131005.7,619480.9544251784,5806176.673090543,40.62,2.04,-0.13,-0.93,0.07,1.0,0.01,1,2025-10-06 11:10:05.700000048+00:00
1759749005.903,131005.903,619481.1525669369,5806176.763741005,40.61,2.04,-0.09,-0.94,0.05,1.0,0.02,1,2025-10-06 11:10:05.903000116+00:00
1759749006.106,131006.106,619481.2903947554,5806176.829214875,40.57,2.06,-0.07,-0.97,0.04,1.0,0.01,1,2025-10-06 11:10:06.105999947+00:00
1759749006.309,131006.309,619481.3405155268,5806176.84185071,40.57,2.08,-0.05,-0.98,0.04,1.0,0.03,1,2025-10-06 11:10:06.309000015+00:00
1759749006.51,131006.51,619481.472120912,5806176.7830552375,40.57,2.07,-0.07,-0.98,0.04,1.0,0.02,1,2025-10-06 11:10:06.509999989+00:00
1759749006.729,131006.729,619481.6214428659,5806176.832820642,40.57,2.08,-0.04,-0.99,-0.03,-1.0,-0.02,1,2025-10-06 11:10:06.729000092+00:00
1759749006.93,131006.93,619481.6908861308,5806176.867176642,40.56,2.09,-0.04,-1.0,0.04,1.0,0.03,1,2025-10-06 11:10:06.930000067+00:00
1759749007.132,131007.132,619481.8516009175,5806176.810689169,40.53,2.1,-0.1,-1.01,0.06,1.0,0.02,1,2025-10-06 11:10:07.131999969+00:00
1759749007.337,131007.337,619481.9419785461,5806176.8440522095,40.54,2.1,-0.03,-1.01,0.03,1.0,0.04,1,2025-10-06 11:10:07.336999893+00:00
1759749007.337,131007.337,619481.9211214853,5806176.868209753,40.54,2.12,-0.02,-1.01,0.03,1.0,0.04,1,2025-10-06 11:10:07.336999893+00:00
1759749007.542,131007.542,619482.0901860022,5806176.928952527,40.54,2.11,-0.03,-1.02,0.04,0.99,0.05,1,2025-10-06 11:10:07.542000055+00:00
1759749007.744,131007.744,619482.2108919827,5806176.883982265,40.54,2.13,-0.06,-1.01,0.05,1.0,0.05,1,2025-10-06 11:10:07.743999958+00:00
1759749007.947,131007.947,619482.2601254171,5806176.886282558,40.54,2.13,-0.07,-1.01,-0.05,-1.0,-0.03,1,2025-10-06 11:10:07.947000027+00:00
1759749008.15,131008.15,619482.3499244782,5806176.968847123,40.55,2.13,0.02,-1.0,0.01,0.99,0.05,1,2025-10-06 11:10:08.150000095+00:00
1759749008.368,131008.368,619482.4003434925,5806176.89879586,40.55,2.14,-0.06,-1.0,0.04,1.0,0.02,1,2025-10-06 11:10:08.368000031+00:00
1759749008.571,131008.571,619482.5107364597,5806176.906232969,40.54,2.15,-0.03,-1.0,0.02,1.0,0.02,1,2025-10-06 11:10:08.571000099+00:00
1759749008.773,131008.773,619482.6301173376,5806176.957590383,40.54,2.14,-0.0,-1.0,0.01,1.0,0.02,1,2025-10-06 11:10:08.773000002+00:00
1759749008.975,131008.975,619482.7206425717,5806176.93727897,40.53,2.17,-0.05,-1.03,0.03,1.0,0.01,1,2025-10-06 11:10:08.974999905+00:00
1759749009.177,131009.177,619482.8904313076,5806176.951152206,40.51,2.16,-0.04,-1.03,0.03,1.0,0.03,1,2025-10-06 11:10:09.177000046+00:00
1759749009.394,131009.394,619483.030975828,5806176.918347079,40.51,2.17,-0.03,-1.02,-0.03,-1.0,-0.04,1,2025-10-06 11:10:09.394000053+00:00
1759749009.597,131009.597,619483.1699684138,5806176.973804846,40.52,2.18,-0.02,-1.01,0.03,1.0,0.04,1,2025-10-06 11:10:09.596999884+00:00
1759749009.798,131009.798,619483.2498099754,5806177.03822534,40.53,2.19,-0.03,-1.03,0.03,1.0,0.02,1,2025-10-06 11:10:09.798000097+00:00
1759749010.001,131010.001,619483.3100482487,5806176.992355534,40.51,2.19,-0.01,-1.03,-0.02,-1.0,-0.03,1,2025-10-06 11:10:10.000999928+00:00
1759749010.202,131010.202,619483.4000033356,5806176.966177731,40.52,2.19,-0.0,-1.01,0.01,1.0,0.02,1,2025-10-06 11:10:10.201999903+00:00
1759749010.406,131010.406,619483.469843931,5806176.975289691,40.559999999999995,2.19,-0.03,-0.99,0.01,1.0,-0.0,1,2025-10-06 11:10:10.405999899+00:00
1759749010.624,131010.624,619483.5602919552,5806176.948481564,40.54,2.2,-0.05,-1.02,0.02,1.0,0.0,1,2025-10-06 11:10:10.624000072+00:00
1759749010.826,131010.826,619483.6503306114,5806176.986858454,40.519999999999996,2.21,-0.02,-1.03,0.01,1.0,-0.0,1,2025-10-06 11:10:10.825999975+00:00
1759749011.029,131011.029,619483.7902395956,5806176.988481428,40.51,2.2,-0.04,-1.04,0.02,1.0,0.0,1,2025-10-06 11:10:11.029000044+00:00
1759749011.231,131011.231,619483.9102395956,5806176.998481427,40.5,2.2,-0.04,-1.05,0.02,1.0,0.01,1,2025-10-06 11:10:11.230999947+00:00
1759749011.431,131011.431,619484.0102269901,5806177.0166484695,40.49,2.23,-0.01,-1.05,0.02,1.0,0.03,1,2025-10-06 11:10:11.430999994+00:00
1759749011.636,131011.636,619484.1501350134,5806177.051571205,40.49,2.21,0.02,-1.04,-0.01,-1.0,-0.04,1,2025-10-06 11:10:11.635999918+00:00
1759749011.841,131011.841,619484.2205880221,5806177.084867777,40.519999999999996,2.22,0.02,-1.02,-0.01,-1.0,-0.04,1,2025-10-06 11:10:11.841000080+00:00
1759749012.058,131012.058,619484.3309034023,5806177.115022383,40.52,2.23,0.04,-1.01,-0.0,-1.0,-0.05,1,2025-10-06 11:10:12.058000088+00:00
1759749012.261,131012.261,619484.4204729755,5806177.105496936,40.52,2.22,0.06,-1.01,0.0,-1.0,-0.05,1,2025-10-06 11:10:12.260999918+00:00
1759749012.464,131012.464,619484.4998040859,5806177.102250388,40.51,2.22,0.06,-1.02,0.01,-1.0,-0.04,1,2025-10-06 11:10:12.463999987+00:00
1759749012.665,131012.665,619484.5903463269,5806177.109371766,40.51,2.22,0.03,-1.02,-0.01,-1.0,-0.05,1,2025-10-06 11:10:12.664999962+00:00
1759749012.869,131012.869,619484.6503470885,5806177.099546297,40.51,2.24,0.03,-1.02,-0.01,-1.0,-0.05,1,2025-10-06 11:10:12.868999958+00:00
1759749013.085,131013.085,619484.7497052805,5806177.074430571,40.510000000000005,2.23,0.05,-1.01,-0.0,-1.0,-0.05,1,2025-10-06 11:10:13.085000038+00:00
1759749013.289,131013.289,619484.8101604913,5806177.153909398,40.52,2.24,0.09,-1.01,0.01,-1.0,-0.06,1,2025-10-06 11:10:13.289000034+00:00
1759749013.493,131013.493,619484.9011956989,5806177.171268461,40.510000000000005,2.24,0.07,-1.01,0.0,-1.0,-0.07,1,2025-10-06 11:10:13.493000031+00:00
1759749013.694,131013.694,619484.9606831443,5806177.165705642,40.52,2.25,0.09,-1.0,0.01,-1.0,-0.06,1,2025-10-06 11:10:13.694000006+00:00
1759749013.896,131013.896,619485.0991890655,5806177.112750118,40.57,2.23,0.08,-0.96,0.01,-0.99,-0.07,1,2025-10-06 11:10:13.895999908+00:00
1759749014.098,131014.098,619485.2005351746,5806177.137608183,40.540000000000006,2.26,0.03,-0.98,-0.01,-1.0,-0.06,1,2025-10-06 11:10:14.098000050+00:00
1759749014.3,131014.3,619485.391615539,5806177.211405158,40.51,2.25,0.1,-0.99,0.0,-0.99,-0.09,1,2025-10-06 11:10:14.299999952+00:00
1759749014.719,131014.719,619485.5692868922,5806177.154289483,40.54,2.25,0.11,-0.96,-0.01,0.99,0.09,1,2025-10-06 11:10:14.719000101+00:00
1759749014.924,131014.924,619485.649126135,5806177.170273841,40.55,2.26,0.11,-0.95,-0.01,0.99,0.08,1,2025-10-06 11:10:14.924000025+00:00
1759749015.126,131015.126,619485.6990761905,5806177.156433003,40.54,2.25,0.1,-0.96,-0.01,0.99,0.09,1,2025-10-06 11:10:15.125999928+00:00
1759749015.328,131015.328,619485.7388806952,5806177.116599037,40.52,2.26,0.08,-0.97,-0.0,1.0,0.08,1,2025-10-06 11:10:15.328000069+00:00
1759749015.531,131015.531,619485.7296923607,5806177.056785201,40.54,2.27,0.05,-0.97,0.01,0.99,0.08,1,2025-10-06 11:10:15.530999899+00:00
1759749015.531,131015.531,619485.7297307943,5806177.07056462,40.519999999999996,2.27,0.04,-0.99,0.01,0.99,0.06,1,2025-10-06 11:10:15.530999899+00:00
1759749015.735,131015.735,619485.749338839,5806177.134179914,40.51,2.28,0.06,-1.0,0.01,0.99,0.07,1,2025-10-06 11:10:15.734999895+00:00
1759749015.939,131015.939,619485.7631337977,5806176.940609168,40.51,2.27,-0.09,-0.99,0.05,1.0,0.04,1,2025-10-06 11:10:15.938999891+00:00
1759749016.157,131016.157,619485.7117581919,5806176.96807923,40.53,2.29,-0.02,-0.97,0.02,1.0,0.03,1,2025-10-06 11:10:16.157000065+00:00
1759749016.358,131016.358,619485.7222536609,5806176.9540911345,40.55,2.29,-0.03,-0.96,0.02,1.0,0.02,1,2025-10-06 11:10:16.358000040+00:00
1759749016.561,131016.561,619485.7042661182,5806176.908432813,40.56,2.28,-0.1,-0.97,0.04,1.0,-0.01,1,2025-10-06 11:10:16.561000109+00:00
1759749016.763,131016.763,619485.7136866851,5806176.931510588,40.540000000000006,2.31,-0.09,-0.98,0.03,1.0,-0.02,1,2025-10-06 11:10:16.763000011+00:00
1759749016.979,131016.979,619485.7662322823,5806176.844157109,40.550000000000004,2.29,-0.15,-0.97,0.05,1.0,-0.04,1,2025-10-06 11:10:16.979000092+00:00
1759749017.182,131017.182,619485.8226398429,5806176.903891675,40.54,2.3,-0.15,-0.99,0.05,1.0,-0.04,1,2025-10-06 11:10:17.181999922+00:00
1759749017.385,131017.385,619485.9317598599,5806176.9719106,40.54,2.3,-0.13,-1.01,0.04,1.0,-0.03,1,2025-10-06 11:10:17.384999990+00:00
1759749017.587,131017.587,619485.9471029554,5806176.847849008,40.5,2.3,-0.19,-1.03,0.06,1.0,-0.05,1,2025-10-06 11:10:17.586999893+00:00
1759749017.792,131017.792,619486.0066930783,5806176.881419982,40.480000000000004,2.31,-0.13,-1.04,0.04,1.0,-0.04,1,2025-10-06 11:10:17.792000055+00:00
1759749017.993,131017.993,619486.0445987071,5806176.91360943,40.519999999999996,2.31,-0.16,-1.03,0.05,1.0,-0.05,1,2025-10-06 11:10:17.993000031+00:00
1759749018.198,131018.198,619486.1139396665,5806176.939048831,40.5,2.33,-0.12,-1.04,0.04,1.0,-0.03,1,2025-10-06 11:10:18.197999954+00:00
1759749018.401,131018.401,619486.2045999635,5806176.917181317,40.51,2.32,-0.11,-1.02,0.04,1.0,-0.02,1,2025-10-06 11:10:18.401000023+00:00
1759749018.618,131018.618,619486.2310290788,5806177.011539613,40.519999999999996,2.33,-0.07,-1.02,0.02,1.0,-0.02,1,2025-10-06 11:10:18.618000031+00:00
1759749018.82,131018.82,619486.2885564395,5806177.004302763,40.54,2.32,-0.15,-1.02,0.05,1.0,-0.03,1,2025-10-06 11:10:18.819999933+00:00
1759749019.022,131019.022,619486.3192885981,5806177.026199205,40.519999999999996,2.32,-0.11,-1.03,0.04,1.0,-0.02,1,2025-10-06 11:10:19.022000074+00:00
1759749019.225,131019.225,619486.3885516574,5806177.032543577,40.519999999999996,2.33,-0.12,-1.02,0.04,1.0,-0.03,1,2025-10-06 11:10:19.224999905+00:00
1759749019.428,131019.428,619486.439804878,5806177.191796604,40.53,2.35,0.06,-1.04,-0.03,1.0,0.0,1,2025-10-06 11:10:19.427999973+00:00
1759749019.63,131019.63,619486.560196893,5806177.186405474,40.51,2.35,0.02,-1.06,-0.01,1.0,-0.01,1,2025-10-06 11:10:19.630000114+00:00
1759749019.846,131019.846,619486.7205034499,5806177.047696719,40.53,2.35,-0.09,-1.04,0.03,1.0,-0.03,1,2025-10-06 11:10:19.845999956+00:00
1759749020.049,131020.049,619486.830346234,5806177.067748667,40.54,2.34,-0.06,-1.03,0.01,1.0,-0.02,1,2025-10-06 11:10:20.049000025+00:00
1759749020.253,131020.253,619486.9209271776,5806177.08719375,40.540000000000006,2.35,-0.05,-1.05,0.02,1.0,-0.01,1,2025-10-06 11:10:20.253000021+00:00
1759749020.458,131020.458,619486.9099512498,5806177.134136474,40.519999999999996,2.37,-0.03,-1.06,0.01,1.0,-0.01,1,2025-10-06 11:10:20.457999945+00:00
1759749020.66,131020.66,619486.8903516576,5806177.089406518,40.53,2.36,-0.03,-1.04,0.01,1.0,-0.01,1,2025-10-06 11:10:20.660000086+00:00
1759749020.862,131020.862,619486.8703754208,5806177.1069090655,40.52,2.34,0.01,-1.05,-0.01,1.0,-0.01,1,2025-10-06 11:10:20.861999989+00:00
1759749021.066,131021.066,619486.8298747519,5806177.118238182,40.52,2.36,-0.04,-1.05,0.01,1.0,-0.01,1,2025-10-06 11:10:21.065999985+00:00
1759749021.269,131021.269,619486.8275474667,5806177.136186592,40.53,2.35,-0.11,-1.04,0.04,1.0,-0.02,1,2025-10-06 11:10:21.269000053+00:00
1759749021.487,131021.487,619486.8424607443,5806177.397304353,40.52,2.36,0.05,-1.05,-0.02,1.0,0.0,1,2025-10-06 11:10:21.486999989+00:00
1759749021.691,131021.691,619486.9111159695,5806177.4656287255,40.52,2.36,0.02,-1.05,-0.02,1.0,-0.01,1,2025-10-06 11:10:21.690999985+00:00
1759749021.892,131021.892,619486.9975546179,5806177.545334867,40.52,2.34,0.19,-1.05,-0.08,1.0,0.01,1,2025-10-06 11:10:21.891999960+00:00
1759749022.094,131022.094,619487.0239366798,5806177.617343722,40.53,2.3,0.27,-1.05,-0.12,0.99,0.0,1,2025-10-06 11:10:22.094000101+00:00
1759749022.296,131022.296,619487.0199420463,5806177.5633583,40.53,2.34,0.2,-1.04,-0.09,1.0,-0.01,1,2025-10-06 11:10:22.296000004+00:00
1759749022.499,131022.499,619487.0601033682,5806177.578340383,40.53,2.33,0.21,-1.06,-0.09,1.0,0.0,1,2025-10-06 11:10:22.499000072+00:00
1759749022.718,131022.718,619487.139660909,5806177.556461362,40.5,2.33,0.19,-1.06,-0.09,1.0,-0.01,1,2025-10-06 11:10:22.717999935+00:00
1759749022.923,131022.923,619487.2191179048,5806177.5474436795,40.53,2.32,0.2,-1.04,-0.09,1.0,0.0,1,2025-10-06 11:10:22.923000097+00:00
1759749023.126,131023.126,619487.340589012,5806177.555437807,40.54,2.32,0.2,-1.04,-0.09,1.0,-0.0,1,2025-10-06 11:10:23.125999928+00:00
1759749023.328,131023.328,619487.4715243261,5806177.541519976,40.53,2.32,0.18,-1.04,-0.08,1.0,-0.0,1,2025-10-06 11:10:23.328000069+00:00
1759749023.53,131023.53,619487.6410784293,5806177.541469031,40.53,2.3,0.23,-1.04,-0.09,1.0,0.02,1,2025-10-06 11:10:23.529999970+00:00
1759749023.732,131023.732,619487.8018523934,5806177.535428372,40.55,2.3,0.23,-1.02,-0.09,1.0,0.02,1,2025-10-06 11:10:23.732000113+00:00
1759749023.732,131023.732,619487.805372705,5806177.56324752,40.55,2.3,0.25,-1.02,-0.1,0.99,0.02,1,2025-10-06 11:10:23.732000113+00:00
1759749023.936,131023.936,619487.9754626014,5806177.558289785,40.57,2.29,0.26,-1.0,-0.09,0.99,0.04,1,2025-10-06 11:10:23.936000109+00:00
1759749024.14,131024.14,619488.1440673986,5806177.524318613,40.58,2.27,0.23,-0.99,-0.08,0.99,0.04,1,2025-10-06 11:10:24.140000105+00:00
1759749024.345,131024.345,619488.2710692254,5806177.5749657005,40.57,2.28,0.3,-0.99,-0.1,0.99,0.06,1,2025-10-06 11:10:24.345000029+00:00
1759749024.551,131024.551,619488.4020992987,5806177.510760731,40.580000000000005,2.27,0.26,-0.98,-0.09,0.99,0.05,1,2025-10-06 11:10:24.551000118+00:00
1759749024.768,131024.768,619488.5399276951,5806177.572035552,40.580000000000005,2.25,0.29,-0.98,-0.1,0.99,0.06,1,2025-10-06 11:10:24.767999887+00:00
1759749024.972,131024.972,619488.6543738478,5806177.576308611,40.57,2.26,0.28,-0.99,-0.1,0.99,0.06,1,2025-10-06 11:10:24.971999884+00:00
1759749025.172,131025.172,619488.7652784493,5806177.484455954,40.589999999999996,2.25,0.26,-0.95,-0.09,0.99,0.06,1,2025-10-06 11:10:25.171999931+00:00
1759749025.375,131025.375,619488.9662995549,5806177.501396495,40.63,2.21,0.32,-0.91,-0.11,0.99,0.08,1,2025-10-06 11:10:25.375000+00:00
1759749025.578,131025.578,619489.0979064645,5806177.461050759,40.63,2.21,0.3,-0.91,-0.11,0.99,0.07,1,2025-10-06 11:10:25.578000069+00:00
1759749025.795,131025.795,619489.308687276,5806177.517119008,40.6,2.2,0.28,-0.94,-0.09,0.99,0.07,1,2025-10-06 11:10:25.795000076+00:00
1759749025.998,131025.998,619489.3149115422,5806177.564965544,40.550000000000004,2.22,0.24,-1.01,-0.09,0.99,0.04,1,2025-10-06 11:10:25.997999907+00:00
1759749026.2,131026.2,619489.3371270878,5806177.386097808,40.53,2.24,0.19,-0.98,-0.07,1.0,0.03,1,2025-10-06 11:10:26.200000048+00:00
1759749026.401,131026.401,619489.5434220167,5806177.382103714,40.59,2.2,0.26,-0.93,-0.1,0.99,0.04,1,2025-10-06 11:10:26.401000023+00:00
1759749026.604,131026.604,619489.538129165,5806177.457547809,40.59,2.19,0.25,-0.98,-0.11,0.99,-0.01,1,2025-10-06 11:10:26.604000092+00:00
1759749026.806,131026.806,619489.6461607099,5806177.384894593,40.550000000000004,2.21,0.16,-1.01,-0.08,1.0,-0.0,1,2025-10-06 11:10:26.805999994+00:00
1759749027.009,131027.009,619489.9645782224,5806177.525047407,40.54,2.18,0.27,-1.0,-0.1,0.99,0.06,1,2025-10-06 11:10:27.009000063+00:00
1759749027.225,131027.225,619490.0842668214,5806177.434614005,40.56,2.16,0.28,-0.97,-0.11,0.99,0.05,1,2025-10-06 11:10:27.224999905+00:00
1759749027.425,131027.425,619490.2842139628,5806177.383628584,40.61,2.12,0.3,-0.9,-0.12,0.99,0.06,1,2025-10-06 11:10:27.424999952+00:00
1759749027.63,131027.63,619490.4872143228,5806177.456596452,40.61,2.13,0.28,-0.93,-0.1,0.99,0.07,1,2025-10-06 11:10:27.630000114+00:00
1759749027.833,131027.833,619490.5784693563,5806177.471277449,40.6,2.13,0.26,-0.94,-0.1,0.99,0.06,1,2025-10-06 11:10:27.832999945+00:00
1759749028.036,131028.036,619490.7173100222,5806177.422590145,40.58,2.14,0.25,-0.93,-0.09,0.99,0.06,1,2025-10-06 11:10:28.036000013+00:00
1759749028.241,131028.241,619490.856417569,5806177.354611317,40.589999999999996,2.11,0.27,-0.92,-0.11,0.99,0.05,1,2025-10-06 11:10:28.240999937+00:00
1759749028.445,131028.445,619490.9605816166,5806177.3916257955,40.59,2.1,0.27,-0.94,-0.11,0.99,0.04,1,2025-10-06 11:10:28.444999933+00:00
1759749028.649,131028.649,619491.1079560872,5806177.386542911,40.57,2.12,0.26,-0.95,-0.1,0.99,0.05,1,2025-10-06 11:10:28.648999929+00:00
1759749028.866,131028.866,619491.227297946,5806177.402611933,40.58,2.09,0.28,-0.96,-0.12,0.99,0.04,1,2025-10-06 11:10:28.865999937+00:00
1759749029.068,131029.068,619491.355298562,5806177.3117315555,40.550000000000004,2.08,0.26,-0.94,-0.11,0.99,0.04,1,2025-10-06 11:10:29.068000078+00:00
1759749029.272,131029.272,619491.5105528653,5806177.353794766,40.57,2.06,0.28,-0.94,-0.11,0.99,0.05,1,2025-10-06 11:10:29.272000074+00:00
1759749029.474,131029.474,619491.6008316453,5806177.283783461,40.559999999999995,2.07,0.23,-0.95,-0.09,0.99,0.04,1,2025-10-06 11:10:29.473999977+00:00
1759749029.676,131029.676,619491.7398740095,5806177.33454292,40.55,2.06,0.25,-0.95,-0.1,0.99,0.04,1,2025-10-06 11:10:29.676000118+00:00
1759749029.893,131029.893,619491.7782109658,5806177.302916461,40.55,2.07,0.22,-0.96,-0.1,0.99,0.02,1,2025-10-06 11:10:29.892999887+00:00
1759749030.096,131030.096,619491.9781454811,5806177.344144194,40.57,2.04,0.3,-0.94,-0.12,0.99,0.05,1,2025-10-06 11:10:30.095999956+00:00
1759749030.298,131030.298,619492.0240217005,5806177.350969512,40.53,2.05,0.25,-0.98,-0.11,0.99,0.03,1,2025-10-06 11:10:30.298000097+00:00
1759749030.5,131030.5,619492.3022538458,5806177.302814979,40.510000000000005,2.04,0.25,-0.98,-0.1,0.99,0.04,1,2025-10-06 11:10:30.500000+00:00
1759749030.703,131030.703,619492.4400096037,5806177.208376385,40.54,2.05,0.23,-0.96,-0.1,0.99,0.02,1,2025-10-06 11:10:30.703000069+00:00
1759749030.905,131030.905,619492.5492884564,5806177.289668407,40.580000000000005,2.02,0.27,-0.94,-0.12,0.99,0.04,1,2025-10-06 11:10:30.904999971+00:00
1759749031.123,131031.123,619492.7289573092,5806177.276059987,40.56,2.01,0.23,-0.94,-0.11,0.99,0.01,1,2025-10-06 11:10:31.122999907+00:00
1759749031.327,131031.327,619492.8164620267,5806177.279771016,40.55,1.99,0.26,-0.95,-0.11,0.99,0.04,1,2025-10-06 11:10:31.326999903+00:00
1759749031.53,131031.53,619492.9521605613,5806177.292471046,40.54,1.98,0.26,-0.97,-0.12,0.99,0.03,1,2025-10-06 11:10:31.529999970+00:00
1759749031.734,131031.734,619493.095023213,5806177.279164135,40.53,1.98,0.27,-0.97,-0.12,0.99,0.03,1,2025-10-06 11:10:31.733999968+00:00
1759749031.936,131031.936,619493.2265568597,5806177.234324911,40.559999999999995,1.97,0.27,-0.95,-0.11,0.99,0.04,1,2025-10-06 11:10:31.936000109+00:00
1759749031.936,131031.936,619493.2420319985,5806177.250206981,40.559999999999995,1.96,0.26,-0.95,-0.12,0.99,0.03,1,2025-10-06 11:10:31.936000109+00:00
1759749032.139,131032.139,619493.3768144199,5806177.2324609775,40.56,1.95,0.25,-0.96,-0.12,0.99,0.02,1,2025-10-06 11:10:32.138999939+00:00
1759749032.341,131032.341,619493.5843726874,5806177.200451009,40.54,1.93,0.25,-0.95,-0.11,0.99,0.04,1,2025-10-06 11:10:32.341000080+00:00
1759749032.544,131032.544,619493.7168966507,5806177.215984403,40.559999999999995,1.92,0.26,-0.95,-0.12,0.99,0.03,1,2025-10-06 11:10:32.543999910+00:00
1759749032.762,131032.762,619493.878685865,5806177.228170277,40.55,1.91,0.27,-0.96,-0.12,0.99,0.04,1,2025-10-06 11:10:32.762000084+00:00
1759749032.965,131032.965,619494.031326033,5806177.226723777,40.54,1.9,0.25,-0.96,-0.11,0.99,0.04,1,2025-10-06 11:10:32.964999914+00:00
1759749033.168,131033.168,619494.2307457081,5806177.1400895985,40.54,1.89,0.23,-0.94,-0.1,0.99,0.05,1,2025-10-06 11:10:33.167999983+00:00
1759749033.368,131033.368,619494.2389273497,5806177.0910343,40.54,1.9,0.19,-0.96,-0.1,0.99,0.01,1,2025-10-06 11:10:33.368000031+00:00
1759749033.572,131033.572,619494.4192793437,5806177.197185059,40.52,1.87,0.27,-0.98,-0.12,0.99,0.03,1,2025-10-06 11:10:33.572000027+00:00
1759749033.774,131033.774,619494.588406535,5806177.176951204,40.510000000000005,1.87,0.24,-0.98,-0.11,0.99,0.04,1,2025-10-06 11:10:33.773999929+00:00
1759749033.992,131033.992,619494.6687737709,5806177.09800261,40.5,1.87,0.19,-0.99,-0.09,0.99,0.01,1,2025-10-06 11:10:33.992000103+00:00
1759749034.194,131034.194,619494.8387906912,5806177.099415242,40.519999999999996,1.84,0.25,-0.96,-0.11,0.99,0.04,1,2025-10-06 11:10:34.194000006+00:00
1759749034.397,131034.397,619495.0692381201,5806177.138707934,40.529999999999994,1.82,0.28,-0.95,-0.12,0.99,0.06,1,2025-10-06 11:10:34.397000074+00:00
1759749034.6,131034.6,619495.151648683,5806177.121108704,40.52,1.83,0.25,-0.98,-0.11,0.99,0.04,1,2025-10-06 11:10:34.599999905+00:00
1759749034.801,131034.801,619495.2430587042,5806177.100703323,40.46,1.84,0.2,-1.01,-0.09,0.99,0.03,1,2025-10-06 11:10:34.801000118+00:00
1759749035.004,131035.004,619495.4510034954,5806177.152094468,40.46,1.8,0.26,-1.0,-0.12,0.99,0.04,1,2025-10-06 11:10:35.003999949+00:00
1759749035.223,131035.223,619495.5094771765,5806177.051888039,40.489999999999995,1.81,0.2,-0.99,-0.1,0.99,0.02,1,2025-10-06 11:10:35.223000050+00:00
1759749035.424,131035.424,619495.5917435165,5806177.057638331,40.48,1.8,0.23,-0.99,-0.12,0.99,0.01,1,2025-10-06 11:10:35.424000025+00:00
1759749035.628,131035.628,619495.7275431175,5806177.08115528,40.47,1.79,0.23,-1.0,-0.12,0.99,0.01,1,2025-10-06 11:10:35.628000021+00:00
1759749035.83,131035.83,619495.9211517095,5806177.048542069,40.48,1.77,0.24,-0.99,-0.12,0.99,0.03,1,2025-10-06 11:10:35.829999924+00:00
1759749036.033,131036.033,619496.0175736881,5806177.004698643,40.49,1.76,0.21,-0.98,-0.11,0.99,0.02,1,2025-10-06 11:10:36.032999992+00:00
1759749036.235,131036.235,619496.1593670937,5806177.012727717,40.51,1.74,0.23,-0.97,-0.12,0.99,0.02,1,2025-10-06 11:10:36.234999895+00:00
1759749036.452,131036.452,619496.2805030975,5806177.012721787,40.49,1.75,0.22,-0.98,-0.11,0.99,0.03,1,2025-10-06 11:10:36.451999903+00:00
1759749036.659,131036.659,619496.4065438443,5806176.972860859,40.5,1.74,0.2,-0.97,-0.1,0.99,0.02,1,2025-10-06 11:10:36.658999920+00:00
1759749036.861,131036.861,619496.5078209039,5806176.958839726,40.480000000000004,1.74,0.2,-0.98,-0.1,0.99,0.02,1,2025-10-06 11:10:36.861000061+00:00
1759749037.065,131037.065,619496.6377731779,5806176.957863896,40.5,1.73,0.2,-0.97,-0.1,0.99,0.02,1,2025-10-06 11:10:37.065000057+00:00
1759749037.267,131037.267,619496.7641794725,5806177.011471929,40.51,1.72,0.23,-0.96,-0.11,0.99,0.04,1,2025-10-06 11:10:37.266999959+00:00
1759749037.47,131037.47,619496.8856813296,5806176.948199154,40.51,1.71,0.22,-0.95,-0.11,0.99,0.04,1,2025-10-06 11:10:37.470000029+00:00
1759749037.671,131037.671,619496.947307406,5806176.939052146,40.529999999999994,1.7,0.21,-0.95,-0.11,0.99,0.03,1,2025-10-06 11:10:37.671000004+00:00
1759749037.889,131037.889,619497.0551230384,5806176.923252266,40.53,1.7,0.2,-0.94,-0.1,0.99,0.03,1,2025-10-06 11:10:37.888999939+00:00
1759749038.092,131038.092,619497.1241140034,5806176.913587112,40.53,1.69,0.21,-0.94,-0.1,0.99,0.03,1,2025-10-06 11:10:38.092000008+00:00
1759749038.295,131038.295,619497.194301122,5806176.919807205,40.54,1.68,0.22,-0.93,-0.11,0.99,0.04,1,2025-10-06 11:10:38.295000076+00:00
1759749038.498,131038.498,619497.2422854695,5806176.904859746,40.54,1.69,0.21,-0.93,-0.1,0.99,0.04,1,2025-10-06 11:10:38.497999907+00:00
1759749038.699,131038.699,619497.212395908,5806176.787580535,40.54,1.68,0.22,-0.93,-0.1,0.99,0.04,1,2025-10-06 11:10:38.698999882+00:00
1759749038.902,131038.902,619497.2000202669,5806176.688811028,40.52,1.68,0.23,-0.94,-0.12,0.99,0.04,1,2025-10-06 11:10:38.901999950+00:00
1759749039.105,131039.105,619497.3006161435,5806176.680523522,40.53,1.69,0.2,-0.93,-0.09,0.99,0.05,1,2025-10-06 11:10:39.105000019+00:00
1759749039.321,131039.321,619497.3565376011,5806176.672481916,40.59,1.68,0.12,-0.9,-0.02,0.99,0.08,1,2025-10-06 11:10:39.321000099+00:00
1759749039.524,131039.524,619497.2512131013,5806176.54912636,40.56,1.7,0.03,-0.91,0.03,0.98,0.08,1,2025-10-06 11:10:39.523999929+00:00
1759749039.727,131039.727,619497.2630304391,5806176.506002273,40.510000000000005,1.72,-0.02,-0.94,0.04,0.98,0.05,1,2025-10-06 11:10:39.726999998+00:00
1759749039.93,131039.93,619497.3038186322,5806176.495015164,40.48,1.72,-0.01,-0.96,0.03,0.99,0.04,1,2025-10-06 11:10:39.930000067+00:00
1759749040.133,131040.133,619497.4442304596,5806176.519025274,40.54,1.72,-0.01,-0.93,0.03,0.98,0.05,1,2025-10-06 11:10:40.132999897+00:00
1759749040.133,131040.133,619497.4411628238,5806176.575978428,40.519999999999996,1.72,-0.01,-0.95,0.04,0.98,0.05,1,2025-10-06 11:10:40.132999897+00:00
1759749040.338,131040.338,619497.5617518593,5806176.579636054,40.51,1.73,-0.02,-0.95,0.04,0.97,0.05,1,2025-10-06 11:10:40.338000059+00:00
1759749040.554,131040.554,619497.6307864496,5806176.442463934,40.5,1.74,-0.04,-0.94,0.04,0.97,0.04,1,2025-10-06 11:10:40.553999901+00:00
1759749040.758,131040.758,619497.8090151105,5806176.452315971,40.5,1.75,-0.01,-0.93,0.03,1.0,0.05,1,2025-10-06 11:10:40.757999897+00:00
1759749040.962,131040.962,619497.9539685,5806176.559106406,40.54,1.73,0.03,-0.93,0.02,0.98,0.06,1,2025-10-06 11:10:40.961999893+00:00
1759749041.167,131041.167,619497.9849774494,5806176.474213241,40.49,1.78,-0.05,-0.96,0.05,0.99,0.05,1,2025-10-06 11:10:41.167000055+00:00
1759749041.371,131041.371,619498.1390512326,5806176.40822907,40.47,1.78,-0.08,-0.94,0.07,0.97,0.05,1,2025-10-06 11:10:41.371000051+00:00
1759749041.575,131041.575,619498.2395282441,5806176.42515605,40.5,1.78,-0.08,-0.95,0.06,0.97,0.04,1,2025-10-06 11:10:41.575000048+00:00
1759749041.779,131041.779,619498.2574600267,5806176.390880489,40.47,1.8,-0.13,-0.97,0.08,0.97,0.02,1,2025-10-06 11:10:41.779000044+00:00
1759749041.98,131041.98,619498.429719027,5806176.408386684,40.480000000000004,1.81,-0.1,-0.97,0.08,0.97,0.04,1,2025-10-06 11:10:41.980000019+00:00
1759749042.181,131042.181,619498.4977598051,5806176.323896704,40.46,1.82,-0.17,-0.97,0.1,0.99,0.01,1,2025-10-06 11:10:42.180999994+00:00
1759749042.398,131042.398,619498.6473941758,5806176.320945798,40.48,1.82,-0.15,-0.96,0.09,0.96,0.02,1,2025-10-06 11:10:42.398000002+00:00
1759749042.603,131042.603,619498.6876829677,5806176.31413045,40.5,1.84,-0.16,-0.96,0.1,0.98,0.02,1,2025-10-06 11:10:42.602999926+00:00
1759749042.805,131042.805,619498.8710139703,5806176.398090368,40.519999999999996,1.85,-0.14,-0.95,0.1,0.97,0.04,1,2025-10-06 11:10:42.805000067+00:00
1759749043.007,131043.007,619498.9071191947,5806176.380600442,40.5,1.88,-0.19,-0.97,0.12,0.97,0.03,1,2025-10-06 11:10:43.006999969+00:00
1759749043.21,131043.21,619499.011697575,5806176.360690234,40.480000000000004,1.88,-0.24,-0.98,0.14,0.98,0.03,1,2025-10-06 11:10:43.210000038+00:00
1759749043.414,131043.414,619499.1776367546,5806176.457992225,40.480000000000004,1.89,-0.17,-0.97,0.11,0.96,0.04,1,2025-10-06 11:10:43.414000034+00:00
1759749043.616,131043.616,619499.2280531856,5806176.399623491,40.51,1.91,-0.2,-0.95,0.12,0.99,0.03,1,2025-10-06 11:10:43.615999937+00:00
1759749043.834,131043.834,619499.3888385125,5806176.477530052,40.52,1.92,-0.15,-0.94,0.1,0.95,0.05,1,2025-10-06 11:10:43.834000111+00:00
1759749044.035,131044.035,619499.4780531964,5806176.531552445,40.51,1.94,-0.17,-0.97,0.1,0.97,0.04,1,2025-10-06 11:10:44.035000086+00:00
1759749044.236,131044.236,619499.5671521765,5806176.480847508,40.49,1.95,-0.24,-0.98,0.13,0.99,0.02,1,2025-10-06 11:10:44.236000061+00:00
1759749044.439,131044.439,619499.6896995982,5806176.416016811,40.47,1.96,-0.21,-0.97,0.12,0.98,0.03,1,2025-10-06 11:10:44.438999891+00:00
1759749044.641,131044.641,619499.8358140332,5806176.500861279,40.5,1.97,-0.18,-0.95,0.11,0.97,0.04,1,2025-10-06 11:10:44.641000032+00:00
1759749044.859,131044.859,619499.8797530857,5806176.55716585,40.52,1.99,-0.23,-0.93,-0.13,-0.98,-0.03,1,2025-10-06 11:10:44.858999968+00:00
1759749045.063,131045.063,619500.0014397328,5806176.676781073,40.52,1.99,-0.14,-0.93,0.1,0.96,0.06,1,2025-10-06 11:10:45.062999964+00:00
1759749045.47,131045.47,619500.1429906852,5806176.788400747,40.480000000000004,1.99,-0.13,-0.97,-0.07,-0.95,-0.02,1,2025-10-06 11:10:45.470000029+00:00
1759749045.674,131045.674,619500.1815308472,5806176.944582276,40.46,2.03,-0.07,-0.98,-0.06,-0.99,-0.06,1,2025-10-06 11:10:45.674000025+00:00
1759749045.879,131045.879,619500.3120588604,5806177.140725976,40.480000000000004,2.0,0.0,-0.97,-0.03,-0.97,-0.06,1,2025-10-06 11:10:45.878999949+00:00
1759749046.085,131046.085,619500.4616107573,5806177.300023147,40.49,1.97,0.13,-0.96,-0.03,0.98,0.07,1,2025-10-06 11:10:46.085000038+00:00
1759749046.291,131046.291,619500.4675732699,5806177.29208968,40.47,1.98,0.21,-0.97,-0.08,0.99,0.05,1,2025-10-06 11:10:46.290999889+00:00
1759749046.492,131046.492,619500.4918893162,5806177.200829529,40.470000000000006,1.99,0.17,-0.98,-0.08,1.0,0.01,1,2025-10-06 11:10:46.492000103+00:00
1759749046.696,131046.696,619500.6228605575,5806177.167986979,40.510000000000005,1.98,0.13,-0.94,-0.05,0.99,0.03,1,2025-10-06 11:10:46.696000099+00:00
1759749046.9,131046.9,619500.6321162198,5806177.112076719,40.48,2.01,0.08,-0.96,-0.03,1.0,0.01,1,2025-10-06 11:10:46.900000095+00:00
1759749047.102,131047.102,619500.7312807161,5806177.082294916,40.489999999999995,2.02,0.04,-0.95,-0.02,1.0,-0.0,1,2025-10-06 11:10:47.101999998+00:00
1759749047.307,131047.307,619500.8204985153,5806177.120418333,40.510000000000005,1.99,0.09,-0.94,-0.04,0.99,0.02,1,2025-10-06 11:10:47.306999922+00:00
1759749047.512,131047.512,619500.9525306819,5806177.181653484,40.5,1.99,0.1,-0.95,-0.04,1.0,0.02,1,2025-10-06 11:10:47.512000083+00:00
1759749047.714,131047.714,619501.0750781895,5806177.206244382,40.45,2.0,0.12,-0.98,-0.05,1.0,0.03,1,2025-10-06 11:10:47.713999987+00:00
1759749047.931,131047.931,619501.1227422992,5806177.161860715,40.480000000000004,2.0,0.11,-0.97,-0.04,1.0,0.03,1,2025-10-06 11:10:47.930999994+00:00
1759749048.134,131048.134,619501.2627760791,5806177.162064713,40.49,1.99,0.08,-0.97,-0.04,1.0,0.01,1,2025-10-06 11:10:48.134000063+00:00
1759749048.338,131048.338,619501.4271806314,5806177.242799763,40.470000000000006,1.98,0.13,-0.98,-0.05,1.0,0.02,1,2025-10-06 11:10:48.338000059+00:00
1759749048.338,131048.338,619501.4344272596,5806177.201824917,40.480000000000004,1.97,0.11,-0.97,-0.04,0.99,0.03,1,2025-10-06 11:10:48.338000059+00:00
1759749048.54,131048.54,619501.4952908355,5806177.205550276,40.480000000000004,1.97,0.1,-0.98,-0.04,0.99,0.02,1,2025-10-06 11:10:48.539999962+00:00
1759749048.744,131048.744,619501.6764424698,5806177.215528163,40.5,1.97,0.13,-0.96,-0.05,0.99,0.03,1,2025-10-06 11:10:48.743999958+00:00
1759749048.948,131048.948,619501.8257248219,5806177.217974826,40.510000000000005,1.95,0.13,-0.94,-0.05,0.99,0.04,1,2025-10-06 11:10:48.947999954+00:00
1759749049.15,131049.15,619501.975011547,5806177.217787556,40.52,1.95,0.14,-0.94,-0.05,0.99,0.04,1,2025-10-06 11:10:49.150000095+00:00
1759749049.367,131049.367,619502.0153695823,5806177.241810114,40.5,1.97,0.14,-0.96,-0.05,1.0,0.04,1,2025-10-06 11:10:49.367000103+00:00
1759749049.569,131049.569,619502.2144182221,5806177.217796359,40.489999999999995,1.95,0.12,-0.95,-0.04,0.99,0.05,1,2025-10-06 11:10:49.569000006+00:00
1759749049.771,131049.771,619502.4075719916,5806177.254354415,40.51,1.94,0.16,-0.93,-0.05,0.99,0.07,1,2025-10-06 11:10:49.770999908+00:00
1759749049.975,131049.975,619502.5209360481,5806177.2741526095,40.519999999999996,1.93,0.15,-0.92,-0.05,0.99,0.06,1,2025-10-06 11:10:49.974999905+00:00
1759749050.178,131050.178,619502.643774068,5806177.24038378,40.540000000000006,1.93,0.16,-0.91,-0.05,0.99,0.06,1,2025-10-06 11:10:50.177999973+00:00
1759749050.381,131050.381,619502.7056526012,5806177.20439127,40.51,1.94,0.11,-0.93,-0.03,0.99,0.04,1,2025-10-06 11:10:50.381000042+00:00
1759749050.587,131050.587,619502.908770484,5806177.316908033,40.52,1.92,0.18,-0.93,-0.06,0.99,0.07,1,2025-10-06 11:10:50.586999893+00:00
1759749050.793,131050.793,619502.8946778369,5806177.197993102,40.5,1.95,0.1,-0.94,-0.03,0.99,0.04,1,2025-10-06 11:10:50.792999983+00:00
1759749050.999,131050.999,619503.0646615074,5806177.203834179,40.53,1.93,0.14,-0.92,-0.05,0.99,0.04,1,2025-10-06 11:10:50.999000072+00:00
1759749051.204,131051.204,619503.2049983428,5806177.216897569,40.519999999999996,1.92,0.14,-0.92,-0.06,0.99,0.04,1,2025-10-06 11:10:51.203999996+00:00
1759749051.408,131051.408,619503.2890359163,5806177.266971962,40.52,1.92,0.13,-0.93,-0.05,0.99,0.04,1,2025-10-06 11:10:51.407999992+00:00
1759749051.613,131051.613,619503.4982552787,5806177.270300069,40.51,1.92,0.13,-0.93,-0.04,0.99,0.06,1,2025-10-06 11:10:51.612999916+00:00
1759749051.816,131051.816,619503.5561988711,5806177.2040902395,40.51,1.93,0.1,-0.92,-0.03,0.99,0.04,1,2025-10-06 11:10:51.815999985+00:00
1759749052.02,131052.02,619503.7079597921,5806177.236522827,40.52,1.91,0.16,-0.91,-0.06,0.99,0.05,1,2025-10-06 11:10:52.019999981+00:00
1759749052.24,131052.24,619503.8200843022,5806177.272623545,40.53,1.9,0.16,-0.92,-0.06,0.99,0.04,1,2025-10-06 11:10:52.240000010+00:00
1759749052.445,131052.445,619503.9112426759,5806177.3102907855,40.49,1.92,0.14,-0.97,-0.05,1.0,0.03,1,2025-10-06 11:10:52.444999933+00:00
1759749052.648,131052.648,619504.0400913953,5806177.28032395,40.48,1.92,0.12,-0.96,-0.04,0.99,0.03,1,2025-10-06 11:10:52.648000002+00:00
1759749052.851,131052.851,619504.1164056157,5806177.183608773,40.48,1.92,0.13,-0.95,-0.06,1.0,0.02,1,2025-10-06 11:10:52.851000071+00:00
1759749053.054,131053.054,619504.2863908741,5806177.182841017,40.52,1.9,0.13,-0.91,-0.05,0.99,0.04,1,2025-10-06 11:10:53.053999901+00:00
1759749053.255,131053.255,619504.3763545204,5806177.216555051,40.53,1.91,0.12,-0.92,-0.04,0.99,0.04,1,2025-10-06 11:10:53.255000114+00:00
1759749053.458,131053.458,619504.5298105722,5806177.252559511,40.519999999999996,1.9,0.13,-0.92,-0.04,0.99,0.05,1,2025-10-06 11:10:53.457999945+00:00
1759749053.661,131053.661,619504.6174788993,5806177.192753105,40.51,1.9,0.13,-0.92,-0.05,0.99,0.05,1,2025-10-06 11:10:53.661000013+00:00
1759749053.878,131053.878,619504.6960433582,5806177.18622376,40.5,1.9,0.14,-0.92,-0.05,0.99,0.05,1,2025-10-06 11:10:53.878000021+00:00
1759749054.078,131054.078,619504.7812840784,5806177.2390651945,40.51,1.9,0.12,-0.92,-0.04,0.99,0.04,1,2025-10-06 11:10:54.078000069+00:00
1759749054.281,131054.281,619504.892240283,5806177.252418084,40.510000000000005,1.9,0.15,-0.91,-0.05,0.99,0.06,1,2025-10-06 11:10:54.280999899+00:00
1759749054.485,131054.485,619504.9538988536,5806177.248224699,40.51,1.89,0.14,-0.92,-0.05,0.99,0.03,1,2025-10-06 11:10:54.484999895+00:00
1759749054.688,131054.688,619505.0029948484,5806177.242319573,40.49,1.9,0.14,-0.94,-0.06,1.0,0.02,1,2025-10-06 11:10:54.687999964+00:00
1759749054.89,131054.89,619505.1516120158,5806177.261249558,40.5,1.88,0.14,-0.95,-0.06,0.99,0.03,1,2025-10-06 11:10:54.890000105+00:00
1759749055.107,131055.107,619505.346028292,5806177.155643399,40.52,1.89,0.09,-0.93,-0.03,0.99,0.03,1,2025-10-06 11:10:55.107000113+00:00
1759749055.308,131055.308,619505.5299837431,5806177.214416701,40.51,1.87,0.15,-0.92,-0.06,0.99,0.04,1,2025-10-06 11:10:55.308000088+00:00
1759749055.512,131055.512,619505.7420347225,5806177.243899641,40.519999999999996,1.87,0.14,-0.92,-0.06,0.99,0.04,1,2025-10-06 11:10:55.512000083+00:00
1759749055.715,131055.715,619505.8493527396,5806177.217166718,40.52,1.86,0.13,-0.91,-0.04,0.99,0.06,1,2025-10-06 11:10:55.714999914+00:00
1759749055.917,131055.917,619505.9630512741,5806177.22592764,40.5,1.86,0.11,-0.93,-0.04,0.99,0.04,1,2025-10-06 11:10:55.917000055+00:00
1759749056.12,131056.12,619506.0977569253,5806177.252225833,40.49,1.86,0.16,-0.93,-0.06,0.99,0.05,1,2025-10-06 11:10:56.119999886+00:00
1759749056.336,131056.336,619506.1486597357,5806177.177462581,40.51,1.86,0.14,-0.92,-0.05,0.99,0.04,1,2025-10-06 11:10:56.335999966+00:00
1759749056.541,131056.541,619506.3026828907,5806177.242320907,40.52,1.85,0.13,-0.93,-0.06,0.99,0.02,1,2025-10-06 11:10:56.540999889+00:00
1759749056.541,131056.541,619506.299437254,5806177.288041571,40.480000000000004,1.86,0.13,-0.97,-0.06,1.0,0.02,1,2025-10-06 11:10:56.540999889+00:00
1759749056.745,131056.745,619506.4099690698,5806177.187220944,40.46,1.87,0.1,-0.96,-0.04,0.99,0.02,1,2025-10-06 11:10:56.744999886+00:00
1759749056.947,131056.947,619506.5137568008,5806177.185168401,40.49,1.85,0.12,-0.94,-0.06,1.0,0.02,1,2025-10-06 11:10:56.947000027+00:00
1759749057.148,131057.148,619506.7084107323,5806177.228623694,40.53,1.82,0.15,-0.92,-0.07,0.99,0.03,1,2025-10-06 11:10:57.148000002+00:00
1759749057.353,131057.353,619506.8523996046,5806177.184190095,40.54,1.83,0.12,-0.92,-0.05,0.99,0.03,1,2025-10-06 11:10:57.352999926+00:00
1759749057.555,131057.555,619506.9995006465,5806177.235764763,40.5,1.83,0.15,-0.94,-0.07,1.0,0.04,1,2025-10-06 11:10:57.555000067+00:00
1759749057.773,131057.773,619507.1313887591,5806177.260265248,40.5,1.81,0.16,-0.94,-0.07,0.99,0.04,1,2025-10-06 11:10:57.773000002+00:00
1759749057.977,131057.977,619507.2310602757,5806177.123958743,40.489999999999995,1.81,0.14,-0.92,-0.06,0.99,0.04,1,2025-10-06 11:10:57.976999998+00:00
1759749058.183,131058.183,619507.4155701048,5806177.155869465,40.52,1.81,0.16,-0.91,-0.07,0.99,0.04,1,2025-10-06 11:10:58.183000088+00:00
1759749058.386,131058.386,619507.4618429937,5806177.155458157,40.5,1.81,0.09,-0.96,-0.05,0.99,0.0,1,2025-10-06 11:10:58.385999918+00:00
1759749058.586,131058.586,619507.5399879641,5806177.16108337,40.480000000000004,1.83,0.09,-0.97,-0.04,0.99,0.02,1,2025-10-06 11:10:58.585999966+00:00
1759749058.788,131058.788,619507.752330133,5806177.152149637,40.47,1.8,0.12,-0.95,-0.04,0.99,0.04,1,2025-10-06 11:10:58.788000107+00:00
1759749058.992,131058.992,619507.9116193341,5806177.123366521,40.51,1.8,0.15,-0.92,-0.05,0.99,0.06,1,2025-10-06 11:10:58.992000103+00:00
1759749059.21,131059.21,619508.0221202434,5806177.115241862,40.53,1.79,0.13,-0.91,-0.05,0.99,0.04,1,2025-10-06 11:10:59.210000038+00:00
1759749059.412,131059.412,619508.091452234,5806177.14231944,40.52,1.81,0.09,-0.94,-0.03,0.99,0.04,1,2025-10-06 11:10:59.411999941+00:00
1759749059.615,131059.615,619508.3114957641,5806177.175908029,40.51,1.8,0.12,-0.93,-0.03,0.99,0.07,1,2025-10-06 11:10:59.615000010+00:00
1759749059.818,131059.818,619508.319333355,5806177.144008488,40.489999999999995,1.81,0.11,-0.95,-0.04,0.99,0.04,1,2025-10-06 11:10:59.818000078+00:00
1759749060.02,131100.02,619508.4696496058,5806177.136610842,40.5,1.79,0.13,-0.93,-0.05,0.99,0.05,1,2025-10-06 11:11:00.019999981+00:00
1759749060.222,131100.222,619508.5978149676,5806177.079780162,40.5,1.79,0.09,-0.93,-0.03,0.99,0.05,1,2025-10-06 11:11:00.221999884+00:00
1759749060.425,131100.425,619508.7655270647,5806177.15562825,40.52,1.79,0.1,-0.93,-0.03,0.98,0.05,1,2025-10-06 11:11:00.424999952+00:00
1759749060.641,131100.641,619508.767895218,5806177.096017595,40.5,1.79,0.08,-0.94,-0.02,0.98,0.04,1,2025-10-06 11:11:00.641000032+00:00
1759749060.847,131100.847,619508.8650619502,5806177.032164723,40.49,1.8,0.09,-0.93,-0.03,0.99,0.04,1,2025-10-06 11:11:00.846999884+00:00
1759749061.051,131101.051,619508.9358484738,5806177.041345974,40.5,1.78,0.11,-0.93,-0.05,0.99,0.02,1,2025-10-06 11:11:01.051000118+00:00
1759749061.256,131101.256,619509.0071496642,5806177.02303466,40.53,1.78,0.09,-0.9,-0.03,0.98,0.03,1,2025-10-06 11:11:01.256000041+00:00
1759749061.458,131101.458,619509.1048117792,5806176.9978241185,40.51,1.81,0.04,-0.92,-0.01,0.99,0.03,1,2025-10-06 11:11:01.457999945+00:00
1759749061.66,131101.66,619509.20323877,5806176.978677324,40.52,1.79,0.05,-0.91,-0.02,0.98,0.02,1,2025-10-06 11:11:01.660000086+00:00
1759749061.863,131101.863,619509.3759150547,5806177.05065347,40.519999999999996,1.78,0.09,-0.92,-0.03,0.98,0.05,1,2025-10-06 11:11:01.862999916+00:00
1759749062.065,131102.065,619509.4555445594,5806177.03686902,40.51,1.78,0.07,-0.92,-0.02,0.98,0.04,1,2025-10-06 11:11:02.065000057+00:00
1759749062.282,131102.282,619509.5356069948,5806177.024122493,40.5,1.8,0.06,-0.93,-0.02,0.98,0.03,1,2025-10-06 11:11:02.282000065+00:00
1759749062.485,131102.485,619509.6549975007,5806177.000220428,40.53,1.77,0.07,-0.9,-0.02,0.98,0.04,1,2025-10-06 11:11:02.484999895+00:00
1759749062.689,131102.689,619509.7624457747,5806176.96683275,40.510000000000005,1.79,0.07,-0.91,-0.02,0.98,0.05,1,2025-10-06 11:11:02.688999891+00:00
1759749062.89,131102.89,619509.96847068,5806177.06540693,40.510000000000005,1.78,0.09,-0.91,0.02,-0.97,-0.07,1,2025-10-06 11:11:02.890000105+00:00
1759749063.09,131103.09,619509.9717106286,5806176.929090685,40.489999999999995,1.8,0.01,-0.92,-0.01,-0.97,-0.04,1,2025-10-06 11:11:03.089999914+00:00
1759749063.307,131103.307,619510.1639680795,5806176.9992982885,40.56,1.79,0.09,-0.89,0.02,-0.98,-0.05,1,2025-10-06 11:11:03.306999922+00:00
1759749063.51,131103.51,619510.2359356433,5806177.04156073,40.53,1.8,0.09,-0.9,0.03,-0.99,-0.05,1,2025-10-06 11:11:03.509999989+00:00
1759749063.711,131103.711,619510.2936777882,5806176.982065831,40.49,1.81,0.04,-0.91,0.0,-0.98,-0.04,1,2025-10-06 11:11:03.710999966+00:00
1759749063.912,131103.912,619510.3629789221,5806176.949646334,40.49,1.8,0.06,-0.91,-0.0,0.97,0.05,1,2025-10-06 11:11:03.911999941+00:00
1759749064.118,131104.118,619510.3935333844,5806176.982427456,40.55,1.79,0.07,-0.88,0.01,-0.97,-0.06,1,2025-10-06 11:11:04.118000031+00:00
1759749064.32,131104.32,619510.4043313451,5806176.9937939765,40.55,1.78,0.05,-0.88,0.0,-0.97,-0.05,1,2025-10-06 11:11:04.319999933+00:00
1759749064.524,131104.524,619510.3528622629,5806176.959068573,40.519999999999996,1.8,0.04,-0.89,-0.0,-0.97,-0.05,1,2025-10-06 11:11:04.523999929+00:00
1759749064.73,131104.73,619510.3526679236,5806176.955565374,40.519999999999996,1.79,0.04,-0.89,-0.0,-0.97,-0.05,1,2025-10-06 11:11:04.730000019+00:00
1759749064.73,131104.73,619510.3534007977,5806176.975551941,40.519999999999996,1.79,0.06,-0.89,0.01,-0.98,-0.05,1,2025-10-06 11:11:04.730000019+00:00
1759749064.948,131104.948,619510.3437739508,5806176.995911663,40.53,1.8,0.07,-0.89,0.01,-0.98,-0.06,1,2025-10-06 11:11:04.947999954+00:00
1759749065.15,131105.15,619510.3434075137,5806176.975918379,40.519999999999996,1.8,0.06,-0.89,0.01,-0.98,-0.06,1,2025-10-06 11:11:05.150000095+00:00
1759749065.351,131105.351,619510.3534007977,5806176.975551941,40.519999999999996,1.79,0.06,-0.89,0.01,-0.98,-0.05,1,2025-10-06 11:11:05.351000071+00:00
1759749065.554,131105.554,619510.3426746395,5806176.955931811,40.519999999999996,1.8,0.04,-0.89,-0.0,-0.97,-0.05,1,2025-10-06 11:11:05.553999901+00:00
1759749065.754,131105.754,619510.3434075137,5806176.975918379,40.519999999999996,1.8,0.06,-0.89,0.0,-0.97,-0.05,1,2025-10-06 11:11:05.753999949+00:00
1759749065.973,131105.973,619510.3326813556,5806176.956298248,40.51,1.81,0.04,-0.9,-0.0,-0.98,-0.05,1,2025-10-06 11:11:05.973000050+00:00
1759749066.177,131106.177,619510.3437739508,5806176.985911663,40.519999999999996,1.8,0.07,-0.89,-0.01,0.98,0.06,1,2025-10-06 11:11:06.177000046+00:00
1759749066.383,131106.383,619510.3534007977,5806176.975551941,40.529999999999994,1.79,0.06,-0.88,0.01,-0.97,-0.06,1,2025-10-06 11:11:06.382999897+00:00
1759749066.586,131106.586,619510.3537672347,5806176.985545225,40.519999999999996,1.79,0.07,-0.89,0.01,-0.98,-0.06,1,2025-10-06 11:11:06.585999966+00:00
1759749066.789,131106.789,619510.3530343606,5806176.965558658,40.529999999999994,1.79,0.05,-0.88,0.0,-0.97,-0.05,1,2025-10-06 11:11:06.789000034+00:00
1759749066.991,131106.991,619510.3434075137,5806176.975918379,40.519999999999996,1.8,0.06,-0.89,0.01,-0.97,-0.06,1,2025-10-06 11:11:06.990999937+00:00
1759749067.193,131107.193,619510.3530343606,5806176.965558658,40.519999999999996,1.79,0.05,-0.89,0.0,-0.97,-0.05,1,2025-10-06 11:11:07.193000078+00:00
1759749067.396,131107.396,619510.3230545088,5806176.966657969,40.51,1.82,0.05,-0.9,0.0,-0.98,-0.05,1,2025-10-06 11:11:07.395999908+00:00
1759749067.6,131107.6,619510.3537672347,5806176.985545225,40.519999999999996,1.79,0.07,-0.89,0.01,-0.97,-0.06,1,2025-10-06 11:11:07.599999905+00:00
1759749067.819,131107.819,619510.3437739508,5806176.985911663,40.51,1.8,0.07,-0.9,0.01,-0.98,-0.06,1,2025-10-06 11:11:07.819000006+00:00
1759749068.022,131108.022,619510.3434075137,5806176.975918379,40.519999999999996,1.8,0.06,-0.89,0.01,-0.98,-0.05,1,2025-10-06 11:11:08.022000074+00:00
1759749068.224,131108.224,619510.3434075137,5806176.975918379,40.51,1.8,0.06,-0.9,0.0,-0.98,-0.06,1,2025-10-06 11:11:08.223999977+00:00
1759749068.429,131108.429,619510.3430410767,5806176.965925095,40.519999999999996,1.8,0.05,-0.89,0.0,-0.98,-0.05,1,2025-10-06 11:11:08.428999901+00:00
1759749068.633,131108.633,619510.3334142298,5806176.976284816,40.51,1.81,0.06,-0.9,0.0,-0.98,-0.06,1,2025-10-06 11:11:08.632999897+00:00
